[{"model": "mainapp.category", "pk": 1, "fields": {"name": "Дизайн", "created": "2022-06-03T11:37:27.188", "updated": "2022-06-03T11:37:27.319", "slug": "design"}}, {"model": "mainapp.category", "pk": 2, "fields": {"name": "Веб-разработка", "created": "2022-06-03T11:37:27.457", "updated": "2022-06-03T11:37:27.557", "slug": "web"}}, {"model": "mainapp.category", "pk": 3, "fields": {"name": "Мобильная разработка", "created": "2022-06-03T11:37:27.689", "updated": "2022-06-03T11:37:27.835", "slug": "mobile"}}, {"model": "mainapp.category", "pk": 4, "fields": {"name": "Маркетинг", "created": "2022-06-03T11:37:27.936", "updated": "2022-06-03T11:37:28.073", "slug": "marketing"}}, {"model": "mainapp.statusarticle", "pk": 1, "fields": {"name": "draft", "created": "2022-06-03T11:37:26.032", "updated": "2022-06-03T11:37:26.170"}}, {"model": "mainapp.statusarticle", "pk": 2, "fields": {"name": "published", "created": "2022-06-03T11:37:26.301", "updated": "2022-06-03T11:37:26.433"}}, {"model": "mainapp.statusarticle", "pk": 3, "fields": {"name": "deleted", "created": "2022-06-03T11:37:26.555", "updated": "2022-06-03T11:37:26.686"}}, {"model": "mainapp.statusarticle", "pk": 4, "fields": {"name": "under_review", "created": "2022-06-03T11:37:26.839", "updated": "2022-06-03T11:37:27.056"}}, {"model": "mainapp.like", "pk": 1, "fields": {"content_type": 8, "object_id": 15, "author": 1, "created": "2022-06-03T11:37:39.461", "updated": "2022-06-03T11:37:39.461"}}, {"model": "mainapp.like", "pk": 2, "fields": {"content_type": 8, "object_id": 14, "author": 1, "created": "2022-06-03T11:37:39.461", "updated": "2022-06-03T11:37:39.461"}}, {"model": "mainapp.like", "pk": 3, "fields": {"content_type": 8, "object_id": 13, "author": 1, "created": "2022-06-03T11:37:39.461", "updated": "2022-06-03T11:37:39.461"}}, {"model": "mainapp.like", "pk": 4, "fields": {"content_type": 8, "object_id": 7, "author": 1, "created": "2022-06-03T11:37:39.461", "updated": "2022-06-03T11:37:39.461"}}, {"model": "mainapp.like", "pk": 5, "fields": {"content_type": 8, "object_id": 4, "author": 1, "created": "2022-06-03T11:37:39.461", "updated": "2022-06-03T11:37:39.461"}}, {"model": "mainapp.like", "pk": 6, "fields": {"content_type": 8, "object_id": 2, "author": 1, "created": "2022-06-03T11:37:39.461", "updated": "2022-06-03T11:37:39.461"}}, {"model": "mainapp.like", "pk": 7, "fields": {"content_type": 10, "object_id": 1, "author": 1, "created": "2022-06-03T11:37:39.461", "updated": "2022-06-03T11:37:39.461"}}, {"model": "mainapp.like", "pk": 8, "fields": {"content_type": 10, "object_id": 3, "author": 1, "created": "2022-06-03T11:37:39.461", "updated": "2022-06-03T11:37:39.461"}}, {"model": "mainapp.like", "pk": 9, "fields": {"content_type": 10, "object_id": 6, "author": 1, "created": "2022-06-03T11:37:39.461", "updated": "2022-06-03T11:37:39.461"}}, {"model": "mainapp.like", "pk": 10, "fields": {"content_type": 10, "object_id": 10, "author": 1, "created": "2022-06-03T11:37:39.461", "updated": "2022-06-03T11:37:39.461"}}, {"model": "mainapp.like", "pk": 11, "fields": {"content_type": 10, "object_id": 11, "author": 1, "created": "2022-06-03T11:37:39.461", "updated": "2022-06-03T11:37:39.461"}}, {"model": "mainapp.like", "pk": 12, "fields": {"content_type": 10, "object_id": 14, "author": 1, "created": "2022-06-03T11:37:39.461", "updated": "2022-06-03T11:37:39.461"}}, {"model": "mainapp.like", "pk": 13, "fields": {"content_type": 10, "object_id": 17, "author": 1, "created": "2022-06-03T11:37:39.461", "updated": "2022-06-03T11:37:39.461"}}, {"model": "mainapp.like", "pk": 14, "fields": {"content_type": 10, "object_id": 19, "author": 1, "created": "2022-06-03T11:37:39.461", "updated": "2022-06-03T11:37:39.461"}}, {"model": "mainapp.like", "pk": 15, "fields": {"content_type": 8, "object_id": 15, "author": 2, "created": "2022-06-03T11:37:39.461", "updated": "2022-06-03T11:37:39.461"}}, {"model": "mainapp.like", "pk": 16, "fields": {"content_type": 8, "object_id": 14, "author": 2, "created": "2022-06-03T11:37:39.461", "updated": "2022-06-03T11:37:39.461"}}, {"model": "mainapp.like", "pk": 17, "fields": {"content_type": 8, "object_id": 11, "author": 2, "created": "2022-06-03T11:37:39.461", "updated": "2022-06-03T11:37:39.461"}}, {"model": "mainapp.like", "pk": 18, "fields": {"content_type": 8, "object_id": 10, "author": 2, "created": "2022-06-03T11:37:39.461", "updated": "2022-06-03T11:37:39.461"}}, {"model": "mainapp.like", "pk": 19, "fields": {"content_type": 8, "object_id": 8, "author": 2, "created": "2022-06-03T11:37:39.461", "updated": "2022-06-03T11:37:39.461"}}, {"model": "mainapp.like", "pk": 20, "fields": {"content_type": 8, "object_id": 7, "author": 2, "created": "2022-06-03T11:37:39.461", "updated": "2022-06-03T11:37:39.461"}}, {"model": "mainapp.like", "pk": 21, "fields": {"content_type": 8, "object_id": 6, "author": 2, "created": "2022-06-03T11:37:39.461", "updated": "2022-06-03T11:37:39.461"}}, {"model": "mainapp.like", "pk": 22, "fields": {"content_type": 8, "object_id": 4, "author": 2, "created": "2022-06-03T11:37:39.461", "updated": "2022-06-03T11:37:39.461"}}, {"model": "mainapp.like", "pk": 23, "fields": {"content_type": 10, "object_id": 1, "author": 2, "created": "2022-06-03T11:37:39.461", "updated": "2022-06-03T11:37:39.461"}}, {"model": "mainapp.like", "pk": 24, "fields": {"content_type": 10, "object_id": 2, "author": 2, "created": "2022-06-03T11:37:39.461", "updated": "2022-06-03T11:37:39.461"}}, {"model": "mainapp.like", "pk": 25, "fields": {"content_type": 10, "object_id": 9, "author": 2, "created": "2022-06-03T11:37:39.461", "updated": "2022-06-03T11:37:39.461"}}, {"model": "mainapp.like", "pk": 26, "fields": {"content_type": 10, "object_id": 10, "author": 2, "created": "2022-06-03T11:37:39.461", "updated": "2022-06-03T11:37:39.461"}}, {"model": "mainapp.like", "pk": 27, "fields": {"content_type": 10, "object_id": 12, "author": 2, "created": "2022-06-03T11:37:39.461", "updated": "2022-06-03T11:37:39.461"}}, {"model": "mainapp.like", "pk": 28, "fields": {"content_type": 10, "object_id": 13, "author": 2, "created": "2022-06-03T11:37:39.461", "updated": "2022-06-03T11:37:39.461"}}, {"model": "mainapp.like", "pk": 29, "fields": {"content_type": 10, "object_id": 14, "author": 2, "created": "2022-06-03T11:37:39.461", "updated": "2022-06-03T11:37:39.461"}}, {"model": "mainapp.like", "pk": 30, "fields": {"content_type": 10, "object_id": 16, "author": 2, "created": "2022-06-03T11:37:39.461", "updated": "2022-06-03T11:37:39.461"}}, {"model": "mainapp.like", "pk": 31, "fields": {"content_type": 10, "object_id": 18, "author": 2, "created": "2022-06-03T11:37:39.461", "updated": "2022-06-03T11:37:39.461"}}, {"model": "mainapp.like", "pk": 32, "fields": {"content_type": 10, "object_id": 19, "author": 2, "created": "2022-06-03T11:37:39.461", "updated": "2022-06-03T11:37:39.461"}}, {"model": "mainapp.like", "pk": 33, "fields": {"content_type": 8, "object_id": 14, "author": 3, "created": "2022-06-03T11:37:39.461", "updated": "2022-06-03T11:37:39.461"}}, {"model": "mainapp.like", "pk": 34, "fields": {"content_type": 8, "object_id": 12, "author": 3, "created": "2022-06-03T11:37:39.461", "updated": "2022-06-03T11:37:39.461"}}, {"model": "mainapp.like", "pk": 35, "fields": {"content_type": 8, "object_id": 10, "author": 3, "created": "2022-06-03T11:37:39.461", "updated": "2022-06-03T11:37:39.461"}}, {"model": "mainapp.like", "pk": 36, "fields": {"content_type": 8, "object_id": 9, "author": 3, "created": "2022-06-03T11:37:39.461", "updated": "2022-06-03T11:37:39.461"}}, {"model": "mainapp.like", "pk": 37, "fields": {"content_type": 8, "object_id": 7, "author": 3, "created": "2022-06-03T11:37:39.461", "updated": "2022-06-03T11:37:39.461"}}, {"model": "mainapp.like", "pk": 38, "fields": {"content_type": 8, "object_id": 1, "author": 3, "created": "2022-06-03T11:37:39.461", "updated": "2022-06-03T11:37:39.461"}}, {"model": "mainapp.like", "pk": 39, "fields": {"content_type": 10, "object_id": 1, "author": 3, "created": "2022-06-03T11:37:39.461", "updated": "2022-06-03T11:37:39.461"}}, {"model": "mainapp.like", "pk": 40, "fields": {"content_type": 10, "object_id": 2, "author": 3, "created": "2022-06-03T11:37:39.461", "updated": "2022-06-03T11:37:39.461"}}, {"model": "mainapp.like", "pk": 41, "fields": {"content_type": 10, "object_id": 6, "author": 3, "created": "2022-06-03T11:37:39.461", "updated": "2022-06-03T11:37:39.461"}}, {"model": "mainapp.like", "pk": 42, "fields": {"content_type": 10, "object_id": 8, "author": 3, "created": "2022-06-03T11:37:39.461", "updated": "2022-06-03T11:37:39.461"}}, {"model": "mainapp.like", "pk": 43, "fields": {"content_type": 10, "object_id": 9, "author": 3, "created": "2022-06-03T11:37:39.461", "updated": "2022-06-03T11:37:39.461"}}, {"model": "mainapp.like", "pk": 44, "fields": {"content_type": 10, "object_id": 11, "author": 3, "created": "2022-06-03T11:37:39.461", "updated": "2022-06-03T11:37:39.461"}}, {"model": "mainapp.like", "pk": 45, "fields": {"content_type": 10, "object_id": 12, "author": 3, "created": "2022-06-03T11:37:39.461", "updated": "2022-06-03T11:37:39.461"}}, {"model": "mainapp.like", "pk": 46, "fields": {"content_type": 10, "object_id": 13, "author": 3, "created": "2022-06-03T11:37:39.461", "updated": "2022-06-03T11:37:39.461"}}, {"model": "mainapp.like", "pk": 47, "fields": {"content_type": 10, "object_id": 14, "author": 3, "created": "2022-06-03T11:37:39.461", "updated": "2022-06-03T11:37:39.461"}}, {"model": "mainapp.like", "pk": 48, "fields": {"content_type": 10, "object_id": 17, "author": 3, "created": "2022-06-03T11:37:39.461", "updated": "2022-06-03T11:37:39.461"}}, {"model": "mainapp.like", "pk": 49, "fields": {"content_type": 10, "object_id": 18, "author": 3, "created": "2022-06-03T11:37:39.461", "updated": "2022-06-03T11:37:39.461"}}, {"model": "mainapp.like", "pk": 50, "fields": {"content_type": 10, "object_id": 19, "author": 3, "created": "2022-06-03T11:37:39.461", "updated": "2022-06-03T11:37:39.461"}}, {"model": "mainapp.like", "pk": 51, "fields": {"content_type": 8, "object_id": 15, "author": 4, "created": "2022-06-03T11:37:39.461", "updated": "2022-06-03T11:37:39.461"}}, {"model": "mainapp.like", "pk": 52, "fields": {"content_type": 8, "object_id": 14, "author": 4, "created": "2022-06-03T11:37:39.461", "updated": "2022-06-03T11:37:39.461"}}, {"model": "mainapp.like", "pk": 53, "fields": {"content_type": 8, "object_id": 13, "author": 4, "created": "2022-06-03T11:37:39.461", "updated": "2022-06-03T11:37:39.461"}}, {"model": "mainapp.like", "pk": 54, "fields": {"content_type": 8, "object_id": 12, "author": 4, "created": "2022-06-03T11:37:39.461", "updated": "2022-06-03T11:37:39.461"}}, {"model": "mainapp.like", "pk": 55, "fields": {"content_type": 8, "object_id": 9, "author": 4, "created": "2022-06-03T11:37:39.461", "updated": "2022-06-03T11:37:39.461"}}, {"model": "mainapp.like", "pk": 56, "fields": {"content_type": 8, "object_id": 8, "author": 4, "created": "2022-06-03T11:37:39.461", "updated": "2022-06-03T11:37:39.461"}}, {"model": "mainapp.like", "pk": 57, "fields": {"content_type": 8, "object_id": 4, "author": 4, "created": "2022-06-03T11:37:39.461", "updated": "2022-06-03T11:37:39.461"}}, {"model": "mainapp.like", "pk": 58, "fields": {"content_type": 8, "object_id": 3, "author": 4, "created": "2022-06-03T11:37:39.461", "updated": "2022-06-03T11:37:39.461"}}, {"model": "mainapp.like", "pk": 59, "fields": {"content_type": 8, "object_id": 1, "author": 4, "created": "2022-06-03T11:37:39.461", "updated": "2022-06-03T11:37:39.461"}}, {"model": "mainapp.like", "pk": 60, "fields": {"content_type": 10, "object_id": 1, "author": 4, "created": "2022-06-03T11:37:39.461", "updated": "2022-06-03T11:37:39.461"}}, {"model": "mainapp.like", "pk": 61, "fields": {"content_type": 10, "object_id": 2, "author": 4, "created": "2022-06-03T11:37:39.461", "updated": "2022-06-03T11:37:39.461"}}, {"model": "mainapp.like", "pk": 62, "fields": {"content_type": 10, "object_id": 8, "author": 4, "created": "2022-06-03T11:37:39.461", "updated": "2022-06-03T11:37:39.461"}}, {"model": "mainapp.like", "pk": 63, "fields": {"content_type": 10, "object_id": 10, "author": 4, "created": "2022-06-03T11:37:39.461", "updated": "2022-06-03T11:37:39.461"}}, {"model": "mainapp.like", "pk": 64, "fields": {"content_type": 10, "object_id": 13, "author": 4, "created": "2022-06-03T11:37:39.461", "updated": "2022-06-03T11:37:39.461"}}, {"model": "mainapp.like", "pk": 65, "fields": {"content_type": 10, "object_id": 14, "author": 4, "created": "2022-06-03T11:37:39.461", "updated": "2022-06-03T11:37:39.461"}}, {"model": "mainapp.like", "pk": 66, "fields": {"content_type": 10, "object_id": 16, "author": 4, "created": "2022-06-03T11:37:39.461", "updated": "2022-06-03T11:37:39.461"}}, {"model": "mainapp.like", "pk": 67, "fields": {"content_type": 10, "object_id": 18, "author": 4, "created": "2022-06-03T11:37:39.461", "updated": "2022-06-03T11:37:39.461"}}, {"model": "mainapp.like", "pk": 68, "fields": {"content_type": 10, "object_id": 19, "author": 4, "created": "2022-06-03T11:37:39.461", "updated": "2022-06-03T11:37:39.461"}}, {"model": "mainapp.like", "pk": 69, "fields": {"content_type": 8, "object_id": 14, "author": 5, "created": "2022-06-03T11:37:39.461", "updated": "2022-06-03T11:37:39.461"}}, {"model": "mainapp.like", "pk": 70, "fields": {"content_type": 8, "object_id": 12, "author": 5, "created": "2022-06-03T11:37:39.461", "updated": "2022-06-03T11:37:39.461"}}, {"model": "mainapp.like", "pk": 71, "fields": {"content_type": 8, "object_id": 11, "author": 5, "created": "2022-06-03T11:37:39.461", "updated": "2022-06-03T11:37:39.461"}}, {"model": "mainapp.like", "pk": 72, "fields": {"content_type": 8, "object_id": 10, "author": 5, "created": "2022-06-03T11:37:39.461", "updated": "2022-06-03T11:37:39.461"}}, {"model": "mainapp.like", "pk": 73, "fields": {"content_type": 8, "object_id": 9, "author": 5, "created": "2022-06-03T11:37:39.461", "updated": "2022-06-03T11:37:39.461"}}, {"model": "mainapp.like", "pk": 74, "fields": {"content_type": 8, "object_id": 8, "author": 5, "created": "2022-06-03T11:37:39.461", "updated": "2022-06-03T11:37:39.461"}}, {"model": "mainapp.like", "pk": 75, "fields": {"content_type": 8, "object_id": 7, "author": 5, "created": "2022-06-03T11:37:39.461", "updated": "2022-06-03T11:37:39.461"}}, {"model": "mainapp.like", "pk": 76, "fields": {"content_type": 8, "object_id": 5, "author": 5, "created": "2022-06-03T11:37:39.461", "updated": "2022-06-03T11:37:39.461"}}, {"model": "mainapp.like", "pk": 77, "fields": {"content_type": 8, "object_id": 3, "author": 5, "created": "2022-06-03T11:37:39.461", "updated": "2022-06-03T11:37:39.461"}}, {"model": "mainapp.like", "pk": 78, "fields": {"content_type": 8, "object_id": 2, "author": 5, "created": "2022-06-03T11:37:39.461", "updated": "2022-06-03T11:37:39.461"}}, {"model": "mainapp.like", "pk": 79, "fields": {"content_type": 10, "object_id": 2, "author": 5, "created": "2022-06-03T11:37:39.461", "updated": "2022-06-03T11:37:39.461"}}, {"model": "mainapp.like", "pk": 80, "fields": {"content_type": 10, "object_id": 5, "author": 5, "created": "2022-06-03T11:37:39.461", "updated": "2022-06-03T11:37:39.461"}}, {"model": "mainapp.like", "pk": 81, "fields": {"content_type": 10, "object_id": 7, "author": 5, "created": "2022-06-03T11:37:39.461", "updated": "2022-06-03T11:37:39.461"}}, {"model": "mainapp.like", "pk": 82, "fields": {"content_type": 10, "object_id": 9, "author": 5, "created": "2022-06-03T11:37:39.461", "updated": "2022-06-03T11:37:39.461"}}, {"model": "mainapp.like", "pk": 83, "fields": {"content_type": 10, "object_id": 11, "author": 5, "created": "2022-06-03T11:37:39.461", "updated": "2022-06-03T11:37:39.461"}}, {"model": "mainapp.like", "pk": 84, "fields": {"content_type": 10, "object_id": 13, "author": 5, "created": "2022-06-03T11:37:39.461", "updated": "2022-06-03T11:37:39.461"}}, {"model": "mainapp.like", "pk": 85, "fields": {"content_type": 10, "object_id": 14, "author": 5, "created": "2022-06-03T11:37:39.461", "updated": "2022-06-03T11:37:39.461"}}, {"model": "mainapp.like", "pk": 86, "fields": {"content_type": 10, "object_id": 16, "author": 5, "created": "2022-06-03T11:37:39.461", "updated": "2022-06-03T11:37:39.461"}}, {"model": "mainapp.like", "pk": 87, "fields": {"content_type": 10, "object_id": 17, "author": 5, "created": "2022-06-03T11:37:39.461", "updated": "2022-06-03T11:37:39.461"}}, {"model": "mainapp.like", "pk": 88, "fields": {"content_type": 10, "object_id": 18, "author": 5, "created": "2022-06-03T11:37:39.461", "updated": "2022-06-03T11:37:39.461"}}, {"model": "mainapp.like", "pk": 89, "fields": {"content_type": 8, "object_id": 14, "author": 6, "created": "2022-06-03T11:37:39.461", "updated": "2022-06-03T11:37:39.461"}}, {"model": "mainapp.like", "pk": 90, "fields": {"content_type": 8, "object_id": 13, "author": 6, "created": "2022-06-03T11:37:39.461", "updated": "2022-06-03T11:37:39.461"}}, {"model": "mainapp.like", "pk": 91, "fields": {"content_type": 8, "object_id": 12, "author": 6, "created": "2022-06-03T11:37:39.461", "updated": "2022-06-03T11:37:39.461"}}, {"model": "mainapp.like", "pk": 92, "fields": {"content_type": 8, "object_id": 11, "author": 6, "created": "2022-06-03T11:37:39.461", "updated": "2022-06-03T11:37:39.461"}}, {"model": "mainapp.like", "pk": 93, "fields": {"content_type": 8, "object_id": 8, "author": 6, "created": "2022-06-03T11:37:39.461", "updated": "2022-06-03T11:37:39.461"}}, {"model": "mainapp.like", "pk": 94, "fields": {"content_type": 8, "object_id": 7, "author": 6, "created": "2022-06-03T11:37:39.461", "updated": "2022-06-03T11:37:39.461"}}, {"model": "mainapp.like", "pk": 95, "fields": {"content_type": 8, "object_id": 6, "author": 6, "created": "2022-06-03T11:37:39.461", "updated": "2022-06-03T11:37:39.461"}}, {"model": "mainapp.like", "pk": 96, "fields": {"content_type": 8, "object_id": 4, "author": 6, "created": "2022-06-03T11:37:39.461", "updated": "2022-06-03T11:37:39.461"}}, {"model": "mainapp.like", "pk": 97, "fields": {"content_type": 8, "object_id": 3, "author": 6, "created": "2022-06-03T11:37:39.461", "updated": "2022-06-03T11:37:39.461"}}, {"model": "mainapp.like", "pk": 98, "fields": {"content_type": 8, "object_id": 2, "author": 6, "created": "2022-06-03T11:37:39.461", "updated": "2022-06-03T11:37:39.461"}}, {"model": "mainapp.like", "pk": 99, "fields": {"content_type": 8, "object_id": 1, "author": 6, "created": "2022-06-03T11:37:39.461", "updated": "2022-06-03T11:37:39.461"}}, {"model": "mainapp.like", "pk": 100, "fields": {"content_type": 10, "object_id": 4, "author": 6, "created": "2022-06-03T11:37:39.461", "updated": "2022-06-03T11:37:39.461"}}, {"model": "mainapp.like", "pk": 101, "fields": {"content_type": 10, "object_id": 6, "author": 6, "created": "2022-06-03T11:37:39.461", "updated": "2022-06-03T11:37:39.461"}}, {"model": "mainapp.like", "pk": 102, "fields": {"content_type": 10, "object_id": 7, "author": 6, "created": "2022-06-03T11:37:39.461", "updated": "2022-06-03T11:37:39.461"}}, {"model": "mainapp.like", "pk": 103, "fields": {"content_type": 10, "object_id": 8, "author": 6, "created": "2022-06-03T11:37:39.461", "updated": "2022-06-03T11:37:39.461"}}, {"model": "mainapp.like", "pk": 104, "fields": {"content_type": 10, "object_id": 11, "author": 6, "created": "2022-06-03T11:37:39.461", "updated": "2022-06-03T11:37:39.461"}}, {"model": "mainapp.like", "pk": 105, "fields": {"content_type": 10, "object_id": 12, "author": 6, "created": "2022-06-03T11:37:39.461", "updated": "2022-06-03T11:37:39.461"}}, {"model": "mainapp.like", "pk": 106, "fields": {"content_type": 10, "object_id": 16, "author": 6, "created": "2022-06-03T11:37:39.461", "updated": "2022-06-03T11:37:39.461"}}, {"model": "mainapp.like", "pk": 107, "fields": {"content_type": 10, "object_id": 19, "author": 6, "created": "2022-06-03T11:37:39.461", "updated": "2022-06-03T11:37:39.461"}}, {"model": "mainapp.like", "pk": 108, "fields": {"content_type": 8, "object_id": 13, "author": 7, "created": "2022-06-03T11:37:39.461", "updated": "2022-06-03T11:37:39.461"}}, {"model": "mainapp.like", "pk": 109, "fields": {"content_type": 8, "object_id": 12, "author": 7, "created": "2022-06-03T11:37:39.461", "updated": "2022-06-03T11:37:39.461"}}, {"model": "mainapp.like", "pk": 110, "fields": {"content_type": 8, "object_id": 11, "author": 7, "created": "2022-06-03T11:37:39.461", "updated": "2022-06-03T11:37:39.461"}}, {"model": "mainapp.like", "pk": 111, "fields": {"content_type": 8, "object_id": 10, "author": 7, "created": "2022-06-03T11:37:39.461", "updated": "2022-06-03T11:37:39.461"}}, {"model": "mainapp.like", "pk": 112, "fields": {"content_type": 8, "object_id": 9, "author": 7, "created": "2022-06-03T11:37:39.461", "updated": "2022-06-03T11:37:39.461"}}, {"model": "mainapp.like", "pk": 113, "fields": {"content_type": 8, "object_id": 7, "author": 7, "created": "2022-06-03T11:37:39.461", "updated": "2022-06-03T11:37:39.461"}}, {"model": "mainapp.like", "pk": 114, "fields": {"content_type": 8, "object_id": 6, "author": 7, "created": "2022-06-03T11:37:39.461", "updated": "2022-06-03T11:37:39.461"}}, {"model": "mainapp.like", "pk": 115, "fields": {"content_type": 8, "object_id": 4, "author": 7, "created": "2022-06-03T11:37:39.461", "updated": "2022-06-03T11:37:39.461"}}, {"model": "mainapp.like", "pk": 116, "fields": {"content_type": 10, "object_id": 5, "author": 7, "created": "2022-06-03T11:37:39.461", "updated": "2022-06-03T11:37:39.461"}}, {"model": "mainapp.like", "pk": 117, "fields": {"content_type": 10, "object_id": 6, "author": 7, "created": "2022-06-03T11:37:39.461", "updated": "2022-06-03T11:37:39.461"}}, {"model": "mainapp.like", "pk": 118, "fields": {"content_type": 10, "object_id": 7, "author": 7, "created": "2022-06-03T11:37:39.461", "updated": "2022-06-03T11:37:39.461"}}, {"model": "mainapp.like", "pk": 119, "fields": {"content_type": 10, "object_id": 8, "author": 7, "created": "2022-06-03T11:37:39.461", "updated": "2022-06-03T11:37:39.461"}}, {"model": "mainapp.like", "pk": 120, "fields": {"content_type": 10, "object_id": 10, "author": 7, "created": "2022-06-03T11:37:39.461", "updated": "2022-06-03T11:37:39.461"}}, {"model": "mainapp.like", "pk": 121, "fields": {"content_type": 10, "object_id": 11, "author": 7, "created": "2022-06-03T11:37:39.461", "updated": "2022-06-03T11:37:39.461"}}, {"model": "mainapp.like", "pk": 122, "fields": {"content_type": 10, "object_id": 12, "author": 7, "created": "2022-06-03T11:37:39.461", "updated": "2022-06-03T11:37:39.461"}}, {"model": "mainapp.like", "pk": 123, "fields": {"content_type": 10, "object_id": 13, "author": 7, "created": "2022-06-03T11:37:39.461", "updated": "2022-06-03T11:37:39.461"}}, {"model": "mainapp.like", "pk": 124, "fields": {"content_type": 10, "object_id": 19, "author": 7, "created": "2022-06-03T11:37:39.461", "updated": "2022-06-03T11:37:39.461"}}, {"model": "mainapp.like", "pk": 125, "fields": {"content_type": 8, "object_id": 15, "author": 8, "created": "2022-06-03T11:37:39.461", "updated": "2022-06-03T11:37:39.461"}}, {"model": "mainapp.like", "pk": 126, "fields": {"content_type": 8, "object_id": 14, "author": 8, "created": "2022-06-03T11:37:39.461", "updated": "2022-06-03T11:37:39.461"}}, {"model": "mainapp.like", "pk": 127, "fields": {"content_type": 8, "object_id": 13, "author": 8, "created": "2022-06-03T11:37:39.461", "updated": "2022-06-03T11:37:39.461"}}, {"model": "mainapp.like", "pk": 128, "fields": {"content_type": 8, "object_id": 10, "author": 8, "created": "2022-06-03T11:37:39.461", "updated": "2022-06-03T11:37:39.461"}}, {"model": "mainapp.like", "pk": 129, "fields": {"content_type": 8, "object_id": 3, "author": 8, "created": "2022-06-03T11:37:39.461", "updated": "2022-06-03T11:37:39.461"}}, {"model": "mainapp.like", "pk": 130, "fields": {"content_type": 8, "object_id": 2, "author": 8, "created": "2022-06-03T11:37:39.461", "updated": "2022-06-03T11:37:39.461"}}, {"model": "mainapp.like", "pk": 131, "fields": {"content_type": 10, "object_id": 3, "author": 8, "created": "2022-06-03T11:37:39.461", "updated": "2022-06-03T11:37:39.461"}}, {"model": "mainapp.like", "pk": 132, "fields": {"content_type": 10, "object_id": 7, "author": 8, "created": "2022-06-03T11:37:39.461", "updated": "2022-06-03T11:37:39.461"}}, {"model": "mainapp.like", "pk": 133, "fields": {"content_type": 10, "object_id": 8, "author": 8, "created": "2022-06-03T11:37:39.461", "updated": "2022-06-03T11:37:39.461"}}, {"model": "mainapp.like", "pk": 134, "fields": {"content_type": 10, "object_id": 10, "author": 8, "created": "2022-06-03T11:37:39.461", "updated": "2022-06-03T11:37:39.461"}}, {"model": "mainapp.like", "pk": 135, "fields": {"content_type": 10, "object_id": 11, "author": 8, "created": "2022-06-03T11:37:39.461", "updated": "2022-06-03T11:37:39.461"}}, {"model": "mainapp.like", "pk": 136, "fields": {"content_type": 10, "object_id": 13, "author": 8, "created": "2022-06-03T11:37:39.461", "updated": "2022-06-03T11:37:39.461"}}, {"model": "mainapp.like", "pk": 137, "fields": {"content_type": 10, "object_id": 14, "author": 8, "created": "2022-06-03T11:37:39.461", "updated": "2022-06-03T11:37:39.461"}}, {"model": "mainapp.like", "pk": 138, "fields": {"content_type": 10, "object_id": 16, "author": 8, "created": "2022-06-03T11:37:39.461", "updated": "2022-06-03T11:37:39.461"}}, {"model": "mainapp.like", "pk": 139, "fields": {"content_type": 8, "object_id": 14, "author": 9, "created": "2022-06-03T11:37:39.461", "updated": "2022-06-03T11:37:39.461"}}, {"model": "mainapp.like", "pk": 140, "fields": {"content_type": 8, "object_id": 13, "author": 9, "created": "2022-06-03T11:37:39.461", "updated": "2022-06-03T11:37:39.461"}}, {"model": "mainapp.like", "pk": 141, "fields": {"content_type": 8, "object_id": 7, "author": 9, "created": "2022-06-03T11:37:39.461", "updated": "2022-06-03T11:37:39.461"}}, {"model": "mainapp.like", "pk": 142, "fields": {"content_type": 8, "object_id": 5, "author": 9, "created": "2022-06-03T11:37:39.461", "updated": "2022-06-03T11:37:39.461"}}, {"model": "mainapp.like", "pk": 143, "fields": {"content_type": 8, "object_id": 4, "author": 9, "created": "2022-06-03T11:37:39.461", "updated": "2022-06-03T11:37:39.461"}}, {"model": "mainapp.like", "pk": 144, "fields": {"content_type": 8, "object_id": 1, "author": 9, "created": "2022-06-03T11:37:39.461", "updated": "2022-06-03T11:37:39.461"}}, {"model": "mainapp.like", "pk": 145, "fields": {"content_type": 10, "object_id": 3, "author": 9, "created": "2022-06-03T11:37:39.461", "updated": "2022-06-03T11:37:39.461"}}, {"model": "mainapp.like", "pk": 146, "fields": {"content_type": 10, "object_id": 4, "author": 9, "created": "2022-06-03T11:37:39.461", "updated": "2022-06-03T11:37:39.461"}}, {"model": "mainapp.like", "pk": 147, "fields": {"content_type": 10, "object_id": 6, "author": 9, "created": "2022-06-03T11:37:39.461", "updated": "2022-06-03T11:37:39.461"}}, {"model": "mainapp.like", "pk": 148, "fields": {"content_type": 10, "object_id": 7, "author": 9, "created": "2022-06-03T11:37:39.461", "updated": "2022-06-03T11:37:39.461"}}, {"model": "mainapp.like", "pk": 149, "fields": {"content_type": 10, "object_id": 9, "author": 9, "created": "2022-06-03T11:37:39.461", "updated": "2022-06-03T11:37:39.461"}}, {"model": "mainapp.like", "pk": 150, "fields": {"content_type": 10, "object_id": 11, "author": 9, "created": "2022-06-03T11:37:39.461", "updated": "2022-06-03T11:37:39.461"}}, {"model": "mainapp.like", "pk": 151, "fields": {"content_type": 10, "object_id": 12, "author": 9, "created": "2022-06-03T11:37:39.461", "updated": "2022-06-03T11:37:39.461"}}, {"model": "mainapp.like", "pk": 152, "fields": {"content_type": 10, "object_id": 13, "author": 9, "created": "2022-06-03T11:37:39.461", "updated": "2022-06-03T11:37:39.461"}}, {"model": "mainapp.like", "pk": 153, "fields": {"content_type": 10, "object_id": 17, "author": 9, "created": "2022-06-03T11:37:39.461", "updated": "2022-06-03T11:37:39.461"}}, {"model": "mainapp.like", "pk": 154, "fields": {"content_type": 10, "object_id": 19, "author": 9, "created": "2022-06-03T11:37:39.461", "updated": "2022-06-03T11:37:39.461"}}, {"model": "mainapp.like", "pk": 155, "fields": {"content_type": 8, "object_id": 12, "author": 10, "created": "2022-06-03T11:37:39.461", "updated": "2022-06-03T11:37:39.461"}}, {"model": "mainapp.like", "pk": 156, "fields": {"content_type": 8, "object_id": 11, "author": 10, "created": "2022-06-03T11:37:39.461", "updated": "2022-06-03T11:37:39.461"}}, {"model": "mainapp.like", "pk": 157, "fields": {"content_type": 8, "object_id": 10, "author": 10, "created": "2022-06-03T11:37:39.461", "updated": "2022-06-03T11:37:39.461"}}, {"model": "mainapp.like", "pk": 158, "fields": {"content_type": 8, "object_id": 7, "author": 10, "created": "2022-06-03T11:37:39.461", "updated": "2022-06-03T11:37:39.461"}}, {"model": "mainapp.like", "pk": 159, "fields": {"content_type": 8, "object_id": 5, "author": 10, "created": "2022-06-03T11:37:39.461", "updated": "2022-06-03T11:37:39.461"}}, {"model": "mainapp.like", "pk": 160, "fields": {"content_type": 8, "object_id": 4, "author": 10, "created": "2022-06-03T11:37:39.461", "updated": "2022-06-03T11:37:39.461"}}, {"model": "mainapp.like", "pk": 161, "fields": {"content_type": 8, "object_id": 1, "author": 10, "created": "2022-06-03T11:37:39.461", "updated": "2022-06-03T11:37:39.461"}}, {"model": "mainapp.like", "pk": 162, "fields": {"content_type": 10, "object_id": 2, "author": 10, "created": "2022-06-03T11:37:39.461", "updated": "2022-06-03T11:37:39.461"}}, {"model": "mainapp.like", "pk": 163, "fields": {"content_type": 10, "object_id": 3, "author": 10, "created": "2022-06-03T11:37:39.461", "updated": "2022-06-03T11:37:39.461"}}, {"model": "mainapp.like", "pk": 164, "fields": {"content_type": 10, "object_id": 4, "author": 10, "created": "2022-06-03T11:37:39.461", "updated": "2022-06-03T11:37:39.461"}}, {"model": "mainapp.like", "pk": 165, "fields": {"content_type": 10, "object_id": 7, "author": 10, "created": "2022-06-03T11:37:39.461", "updated": "2022-06-03T11:37:39.461"}}, {"model": "mainapp.like", "pk": 166, "fields": {"content_type": 10, "object_id": 8, "author": 10, "created": "2022-06-03T11:37:39.461", "updated": "2022-06-03T11:37:39.461"}}, {"model": "mainapp.like", "pk": 167, "fields": {"content_type": 10, "object_id": 10, "author": 10, "created": "2022-06-03T11:37:39.461", "updated": "2022-06-03T11:37:39.461"}}, {"model": "mainapp.like", "pk": 168, "fields": {"content_type": 10, "object_id": 12, "author": 10, "created": "2022-06-03T11:37:39.461", "updated": "2022-06-03T11:37:39.461"}}, {"model": "mainapp.like", "pk": 169, "fields": {"content_type": 10, "object_id": 13, "author": 10, "created": "2022-06-03T11:37:39.461", "updated": "2022-06-03T11:37:39.461"}}, {"model": "mainapp.like", "pk": 170, "fields": {"content_type": 10, "object_id": 14, "author": 10, "created": "2022-06-03T11:37:39.461", "updated": "2022-06-03T11:37:39.461"}}, {"model": "mainapp.like", "pk": 171, "fields": {"content_type": 10, "object_id": 16, "author": 10, "created": "2022-06-03T11:37:39.461", "updated": "2022-06-03T11:37:39.461"}}, {"model": "mainapp.like", "pk": 172, "fields": {"content_type": 8, "object_id": 13, "author": 11, "created": "2022-06-03T11:37:39.461", "updated": "2022-06-03T11:37:39.461"}}, {"model": "mainapp.like", "pk": 173, "fields": {"content_type": 8, "object_id": 11, "author": 11, "created": "2022-06-03T11:37:39.461", "updated": "2022-06-03T11:37:39.461"}}, {"model": "mainapp.like", "pk": 174, "fields": {"content_type": 8, "object_id": 4, "author": 11, "created": "2022-06-03T11:37:39.461", "updated": "2022-06-03T11:37:39.461"}}, {"model": "mainapp.like", "pk": 175, "fields": {"content_type": 8, "object_id": 1, "author": 11, "created": "2022-06-03T11:37:39.461", "updated": "2022-06-03T11:37:39.461"}}, {"model": "mainapp.like", "pk": 176, "fields": {"content_type": 10, "object_id": 2, "author": 11, "created": "2022-06-03T11:37:39.461", "updated": "2022-06-03T11:37:39.461"}}, {"model": "mainapp.like", "pk": 177, "fields": {"content_type": 10, "object_id": 3, "author": 11, "created": "2022-06-03T11:37:39.461", "updated": "2022-06-03T11:37:39.461"}}, {"model": "mainapp.like", "pk": 178, "fields": {"content_type": 10, "object_id": 6, "author": 11, "created": "2022-06-03T11:37:39.461", "updated": "2022-06-03T11:37:39.461"}}, {"model": "mainapp.like", "pk": 179, "fields": {"content_type": 10, "object_id": 7, "author": 11, "created": "2022-06-03T11:37:39.476", "updated": "2022-06-03T11:37:39.476"}}, {"model": "mainapp.like", "pk": 180, "fields": {"content_type": 10, "object_id": 14, "author": 11, "created": "2022-06-03T11:37:39.476", "updated": "2022-06-03T11:37:39.476"}}, {"model": "mainapp.like", "pk": 181, "fields": {"content_type": 10, "object_id": 17, "author": 11, "created": "2022-06-03T11:37:39.476", "updated": "2022-06-03T11:37:39.476"}}, {"model": "mainapp.like", "pk": 182, "fields": {"content_type": 10, "object_id": 18, "author": 11, "created": "2022-06-03T11:37:39.476", "updated": "2022-06-03T11:37:39.476"}}, {"model": "mainapp.view", "pk": 1, "fields": {"content_type": 8, "object_id": 14, "author": 1, "created": "2022-06-03T11:37:39.098", "updated": "2022-06-03T11:37:39.098"}}, {"model": "mainapp.view", "pk": 2, "fields": {"content_type": 8, "object_id": 13, "author": 1, "created": "2022-06-03T11:37:39.098", "updated": "2022-06-03T11:37:39.098"}}, {"model": "mainapp.view", "pk": 3, "fields": {"content_type": 8, "object_id": 11, "author": 1, "created": "2022-06-03T11:37:39.098", "updated": "2022-06-03T11:37:39.098"}}, {"model": "mainapp.view", "pk": 4, "fields": {"content_type": 8, "object_id": 7, "author": 1, "created": "2022-06-03T11:37:39.098", "updated": "2022-06-03T11:37:39.098"}}, {"model": "mainapp.view", "pk": 5, "fields": {"content_type": 8, "object_id": 6, "author": 1, "created": "2022-06-03T11:37:39.098", "updated": "2022-06-03T11:37:39.098"}}, {"model": "mainapp.view", "pk": 6, "fields": {"content_type": 8, "object_id": 5, "author": 1, "created": "2022-06-03T11:37:39.098", "updated": "2022-06-03T11:37:39.098"}}, {"model": "mainapp.view", "pk": 7, "fields": {"content_type": 8, "object_id": 3, "author": 1, "created": "2022-06-03T11:37:39.098", "updated": "2022-06-03T11:37:39.098"}}, {"model": "mainapp.view", "pk": 8, "fields": {"content_type": 8, "object_id": 12, "author": 2, "created": "2022-06-03T11:37:39.098", "updated": "2022-06-03T11:37:39.098"}}, {"model": "mainapp.view", "pk": 9, "fields": {"content_type": 8, "object_id": 10, "author": 2, "created": "2022-06-03T11:37:39.098", "updated": "2022-06-03T11:37:39.098"}}, {"model": "mainapp.view", "pk": 10, "fields": {"content_type": 8, "object_id": 9, "author": 2, "created": "2022-06-03T11:37:39.098", "updated": "2022-06-03T11:37:39.098"}}, {"model": "mainapp.view", "pk": 11, "fields": {"content_type": 8, "object_id": 7, "author": 2, "created": "2022-06-03T11:37:39.098", "updated": "2022-06-03T11:37:39.098"}}, {"model": "mainapp.view", "pk": 12, "fields": {"content_type": 8, "object_id": 5, "author": 2, "created": "2022-06-03T11:37:39.098", "updated": "2022-06-03T11:37:39.098"}}, {"model": "mainapp.view", "pk": 13, "fields": {"content_type": 8, "object_id": 2, "author": 2, "created": "2022-06-03T11:37:39.098", "updated": "2022-06-03T11:37:39.098"}}, {"model": "mainapp.view", "pk": 14, "fields": {"content_type": 8, "object_id": 1, "author": 2, "created": "2022-06-03T11:37:39.098", "updated": "2022-06-03T11:37:39.098"}}, {"model": "mainapp.view", "pk": 15, "fields": {"content_type": 8, "object_id": 13, "author": 3, "created": "2022-06-03T11:37:39.098", "updated": "2022-06-03T11:37:39.098"}}, {"model": "mainapp.view", "pk": 16, "fields": {"content_type": 8, "object_id": 12, "author": 3, "created": "2022-06-03T11:37:39.098", "updated": "2022-06-03T11:37:39.098"}}, {"model": "mainapp.view", "pk": 17, "fields": {"content_type": 8, "object_id": 10, "author": 3, "created": "2022-06-03T11:37:39.098", "updated": "2022-06-03T11:37:39.098"}}, {"model": "mainapp.view", "pk": 18, "fields": {"content_type": 8, "object_id": 8, "author": 3, "created": "2022-06-03T11:37:39.098", "updated": "2022-06-03T11:37:39.098"}}, {"model": "mainapp.view", "pk": 19, "fields": {"content_type": 8, "object_id": 7, "author": 3, "created": "2022-06-03T11:37:39.098", "updated": "2022-06-03T11:37:39.098"}}, {"model": "mainapp.view", "pk": 20, "fields": {"content_type": 8, "object_id": 5, "author": 3, "created": "2022-06-03T11:37:39.098", "updated": "2022-06-03T11:37:39.098"}}, {"model": "mainapp.view", "pk": 21, "fields": {"content_type": 8, "object_id": 4, "author": 3, "created": "2022-06-03T11:37:39.098", "updated": "2022-06-03T11:37:39.098"}}, {"model": "mainapp.view", "pk": 22, "fields": {"content_type": 8, "object_id": 3, "author": 3, "created": "2022-06-03T11:37:39.098", "updated": "2022-06-03T11:37:39.098"}}, {"model": "mainapp.view", "pk": 23, "fields": {"content_type": 8, "object_id": 14, "author": 4, "created": "2022-06-03T11:37:39.098", "updated": "2022-06-03T11:37:39.098"}}, {"model": "mainapp.view", "pk": 24, "fields": {"content_type": 8, "object_id": 12, "author": 4, "created": "2022-06-03T11:37:39.098", "updated": "2022-06-03T11:37:39.098"}}, {"model": "mainapp.view", "pk": 25, "fields": {"content_type": 8, "object_id": 10, "author": 4, "created": "2022-06-03T11:37:39.098", "updated": "2022-06-03T11:37:39.098"}}, {"model": "mainapp.view", "pk": 26, "fields": {"content_type": 8, "object_id": 7, "author": 4, "created": "2022-06-03T11:37:39.098", "updated": "2022-06-03T11:37:39.098"}}, {"model": "mainapp.view", "pk": 27, "fields": {"content_type": 8, "object_id": 6, "author": 4, "created": "2022-06-03T11:37:39.098", "updated": "2022-06-03T11:37:39.098"}}, {"model": "mainapp.view", "pk": 28, "fields": {"content_type": 8, "object_id": 5, "author": 4, "created": "2022-06-03T11:37:39.098", "updated": "2022-06-03T11:37:39.098"}}, {"model": "mainapp.view", "pk": 29, "fields": {"content_type": 8, "object_id": 2, "author": 4, "created": "2022-06-03T11:37:39.098", "updated": "2022-06-03T11:37:39.098"}}, {"model": "mainapp.view", "pk": 30, "fields": {"content_type": 8, "object_id": 1, "author": 4, "created": "2022-06-03T11:37:39.098", "updated": "2022-06-03T11:37:39.098"}}, {"model": "mainapp.view", "pk": 31, "fields": {"content_type": 8, "object_id": 12, "author": 5, "created": "2022-06-03T11:37:39.098", "updated": "2022-06-03T11:37:39.098"}}, {"model": "mainapp.view", "pk": 32, "fields": {"content_type": 8, "object_id": 10, "author": 5, "created": "2022-06-03T11:37:39.098", "updated": "2022-06-03T11:37:39.098"}}, {"model": "mainapp.view", "pk": 33, "fields": {"content_type": 8, "object_id": 9, "author": 5, "created": "2022-06-03T11:37:39.098", "updated": "2022-06-03T11:37:39.098"}}, {"model": "mainapp.view", "pk": 34, "fields": {"content_type": 8, "object_id": 8, "author": 5, "created": "2022-06-03T11:37:39.098", "updated": "2022-06-03T11:37:39.098"}}, {"model": "mainapp.view", "pk": 35, "fields": {"content_type": 8, "object_id": 7, "author": 5, "created": "2022-06-03T11:37:39.098", "updated": "2022-06-03T11:37:39.098"}}, {"model": "mainapp.view", "pk": 36, "fields": {"content_type": 8, "object_id": 14, "author": 6, "created": "2022-06-03T11:37:39.098", "updated": "2022-06-03T11:37:39.098"}}, {"model": "mainapp.view", "pk": 37, "fields": {"content_type": 8, "object_id": 13, "author": 6, "created": "2022-06-03T11:37:39.098", "updated": "2022-06-03T11:37:39.098"}}, {"model": "mainapp.view", "pk": 38, "fields": {"content_type": 8, "object_id": 11, "author": 6, "created": "2022-06-03T11:37:39.098", "updated": "2022-06-03T11:37:39.098"}}, {"model": "mainapp.view", "pk": 39, "fields": {"content_type": 8, "object_id": 10, "author": 6, "created": "2022-06-03T11:37:39.098", "updated": "2022-06-03T11:37:39.098"}}, {"model": "mainapp.view", "pk": 40, "fields": {"content_type": 8, "object_id": 7, "author": 6, "created": "2022-06-03T11:37:39.098", "updated": "2022-06-03T11:37:39.098"}}, {"model": "mainapp.view", "pk": 41, "fields": {"content_type": 8, "object_id": 5, "author": 6, "created": "2022-06-03T11:37:39.098", "updated": "2022-06-03T11:37:39.098"}}, {"model": "mainapp.view", "pk": 42, "fields": {"content_type": 8, "object_id": 4, "author": 6, "created": "2022-06-03T11:37:39.098", "updated": "2022-06-03T11:37:39.098"}}, {"model": "mainapp.view", "pk": 43, "fields": {"content_type": 8, "object_id": 3, "author": 6, "created": "2022-06-03T11:37:39.098", "updated": "2022-06-03T11:37:39.098"}}, {"model": "mainapp.view", "pk": 44, "fields": {"content_type": 8, "object_id": 14, "author": 7, "created": "2022-06-03T11:37:39.098", "updated": "2022-06-03T11:37:39.098"}}, {"model": "mainapp.view", "pk": 45, "fields": {"content_type": 8, "object_id": 12, "author": 7, "created": "2022-06-03T11:37:39.098", "updated": "2022-06-03T11:37:39.098"}}, {"model": "mainapp.view", "pk": 46, "fields": {"content_type": 8, "object_id": 11, "author": 7, "created": "2022-06-03T11:37:39.098", "updated": "2022-06-03T11:37:39.098"}}, {"model": "mainapp.view", "pk": 47, "fields": {"content_type": 8, "object_id": 10, "author": 7, "created": "2022-06-03T11:37:39.098", "updated": "2022-06-03T11:37:39.098"}}, {"model": "mainapp.view", "pk": 48, "fields": {"content_type": 8, "object_id": 8, "author": 7, "created": "2022-06-03T11:37:39.098", "updated": "2022-06-03T11:37:39.098"}}, {"model": "mainapp.view", "pk": 49, "fields": {"content_type": 8, "object_id": 6, "author": 7, "created": "2022-06-03T11:37:39.098", "updated": "2022-06-03T11:37:39.098"}}, {"model": "mainapp.view", "pk": 50, "fields": {"content_type": 8, "object_id": 1, "author": 7, "created": "2022-06-03T11:37:39.098", "updated": "2022-06-03T11:37:39.098"}}, {"model": "mainapp.view", "pk": 51, "fields": {"content_type": 8, "object_id": 15, "author": 8, "created": "2022-06-03T11:37:39.098", "updated": "2022-06-03T11:37:39.098"}}, {"model": "mainapp.view", "pk": 52, "fields": {"content_type": 8, "object_id": 14, "author": 8, "created": "2022-06-03T11:37:39.098", "updated": "2022-06-03T11:37:39.098"}}, {"model": "mainapp.view", "pk": 53, "fields": {"content_type": 8, "object_id": 13, "author": 8, "created": "2022-06-03T11:37:39.098", "updated": "2022-06-03T11:37:39.098"}}, {"model": "mainapp.view", "pk": 54, "fields": {"content_type": 8, "object_id": 12, "author": 8, "created": "2022-06-03T11:37:39.098", "updated": "2022-06-03T11:37:39.098"}}, {"model": "mainapp.view", "pk": 55, "fields": {"content_type": 8, "object_id": 8, "author": 8, "created": "2022-06-03T11:37:39.098", "updated": "2022-06-03T11:37:39.098"}}, {"model": "mainapp.view", "pk": 56, "fields": {"content_type": 8, "object_id": 7, "author": 8, "created": "2022-06-03T11:37:39.098", "updated": "2022-06-03T11:37:39.098"}}, {"model": "mainapp.view", "pk": 57, "fields": {"content_type": 8, "object_id": 6, "author": 8, "created": "2022-06-03T11:37:39.098", "updated": "2022-06-03T11:37:39.098"}}, {"model": "mainapp.view", "pk": 58, "fields": {"content_type": 8, "object_id": 5, "author": 8, "created": "2022-06-03T11:37:39.098", "updated": "2022-06-03T11:37:39.098"}}, {"model": "mainapp.view", "pk": 59, "fields": {"content_type": 8, "object_id": 4, "author": 8, "created": "2022-06-03T11:37:39.098", "updated": "2022-06-03T11:37:39.098"}}, {"model": "mainapp.view", "pk": 60, "fields": {"content_type": 8, "object_id": 2, "author": 8, "created": "2022-06-03T11:37:39.098", "updated": "2022-06-03T11:37:39.098"}}, {"model": "mainapp.view", "pk": 61, "fields": {"content_type": 8, "object_id": 1, "author": 8, "created": "2022-06-03T11:37:39.098", "updated": "2022-06-03T11:37:39.098"}}, {"model": "mainapp.view", "pk": 62, "fields": {"content_type": 8, "object_id": 14, "author": 9, "created": "2022-06-03T11:37:39.098", "updated": "2022-06-03T11:37:39.098"}}, {"model": "mainapp.view", "pk": 63, "fields": {"content_type": 8, "object_id": 11, "author": 9, "created": "2022-06-03T11:37:39.098", "updated": "2022-06-03T11:37:39.098"}}, {"model": "mainapp.view", "pk": 64, "fields": {"content_type": 8, "object_id": 10, "author": 9, "created": "2022-06-03T11:37:39.098", "updated": "2022-06-03T11:37:39.098"}}, {"model": "mainapp.view", "pk": 65, "fields": {"content_type": 8, "object_id": 9, "author": 9, "created": "2022-06-03T11:37:39.098", "updated": "2022-06-03T11:37:39.098"}}, {"model": "mainapp.view", "pk": 66, "fields": {"content_type": 8, "object_id": 8, "author": 9, "created": "2022-06-03T11:37:39.098", "updated": "2022-06-03T11:37:39.098"}}, {"model": "mainapp.view", "pk": 67, "fields": {"content_type": 8, "object_id": 5, "author": 9, "created": "2022-06-03T11:37:39.098", "updated": "2022-06-03T11:37:39.098"}}, {"model": "mainapp.view", "pk": 68, "fields": {"content_type": 8, "object_id": 15, "author": 10, "created": "2022-06-03T11:37:39.098", "updated": "2022-06-03T11:37:39.098"}}, {"model": "mainapp.view", "pk": 69, "fields": {"content_type": 8, "object_id": 13, "author": 10, "created": "2022-06-03T11:37:39.098", "updated": "2022-06-03T11:37:39.098"}}, {"model": "mainapp.view", "pk": 70, "fields": {"content_type": 8, "object_id": 11, "author": 10, "created": "2022-06-03T11:37:39.098", "updated": "2022-06-03T11:37:39.098"}}, {"model": "mainapp.view", "pk": 71, "fields": {"content_type": 8, "object_id": 9, "author": 10, "created": "2022-06-03T11:37:39.098", "updated": "2022-06-03T11:37:39.098"}}, {"model": "mainapp.view", "pk": 72, "fields": {"content_type": 8, "object_id": 8, "author": 10, "created": "2022-06-03T11:37:39.098", "updated": "2022-06-03T11:37:39.098"}}, {"model": "mainapp.view", "pk": 73, "fields": {"content_type": 8, "object_id": 7, "author": 10, "created": "2022-06-03T11:37:39.098", "updated": "2022-06-03T11:37:39.098"}}, {"model": "mainapp.view", "pk": 74, "fields": {"content_type": 8, "object_id": 5, "author": 10, "created": "2022-06-03T11:37:39.098", "updated": "2022-06-03T11:37:39.098"}}, {"model": "mainapp.view", "pk": 75, "fields": {"content_type": 8, "object_id": 3, "author": 10, "created": "2022-06-03T11:37:39.098", "updated": "2022-06-03T11:37:39.098"}}, {"model": "mainapp.view", "pk": 76, "fields": {"content_type": 8, "object_id": 15, "author": 11, "created": "2022-06-03T11:37:39.098", "updated": "2022-06-03T11:37:39.098"}}, {"model": "mainapp.view", "pk": 77, "fields": {"content_type": 8, "object_id": 8, "author": 11, "created": "2022-06-03T11:37:39.098", "updated": "2022-06-03T11:37:39.098"}}, {"model": "mainapp.view", "pk": 78, "fields": {"content_type": 8, "object_id": 4, "author": 11, "created": "2022-06-03T11:37:39.098", "updated": "2022-06-03T11:37:39.098"}}, {"model": "mainapp.view", "pk": 79, "fields": {"content_type": 8, "object_id": 2, "author": 11, "created": "2022-06-03T11:37:39.098", "updated": "2022-06-03T11:37:39.098"}}, {"model": "mainapp.view", "pk": 80, "fields": {"content_type": 8, "object_id": 1, "author": 11, "created": "2022-06-03T11:37:39.098", "updated": "2022-06-03T11:37:39.098"}}, {"model": "mainapp.comment", "pk": 1, "fields": {"post": 5, "body": "Разнообразный и богатый опыт консультация с широким активом обеспечивает широкому кругу.", "content_type": 8, "object_id": 5, "author": 2, "created": "2022-06-03T11:37:33.734", "updated": "2022-06-03T11:37:33.872"}}, {"model": "mainapp.comment", "pk": 2, "fields": {"post": 5, "body": " Равным образом консультация с широким активом требуют определения и уточнения модели развития.", "content_type": 8, "object_id": 5, "author": 3, "created": "2022-06-03T11:37:34.003", "updated": "2022-06-03T11:37:34.172"}}, {"model": "mainapp.comment", "pk": 3, "fields": {"post": 15, "body": "Разнообразный и богатый опыт консультация с широким активом обеспечивает широкому кругу.", "content_type": 8, "object_id": 15, "author": 4, "created": "2022-06-03T11:37:34.304", "updated": "2022-06-03T11:37:34.436"}}, {"model": "mainapp.comment", "pk": 4, "fields": {"post": 5, "body": "С другой стороны рамки и место обучения кадров способствует подготовки и реализации модели развития. Идейные соображения высшего порядка, а также начало повседневной работы по формированию позиции позволяет оценить значение модели развития.", "content_type": 8, "object_id": 5, "author": 4, "created": "2022-06-03T11:37:34.573", "updated": "2022-06-03T11:37:34.705"}}, {"model": "mainapp.comment", "pk": 5, "fields": {"post": 4, "body": "С другой стороны рамки и место обучения кадров способствует подготовки и реализации модели развития. Идейные соображения высшего порядка, а также начало повседневной работы по формированию позиции позволяет оценить значение модели развития.", "content_type": 8, "object_id": 4, "author": 3, "created": "2022-06-03T11:37:34.836", "updated": "2022-06-03T11:37:34.974"}}, {"model": "mainapp.comment", "pk": 6, "fields": {"post": 15, "body": "С другой стороны рамки и место обучения кадров способствует подготовки и реализации модели развития. Идейные соображения высшего порядка, а также начало повседневной работы по формированию позиции позволяет оценить значение модели развития.", "content_type": 8, "object_id": 15, "author": 7, "created": "2022-06-03T11:37:35.152", "updated": "2022-06-03T11:37:35.274"}}, {"model": "mainapp.comment", "pk": 7, "fields": {"post": 1, "body": "Товарищи! сложившаяся структура организации представляет собой интересный эксперимент проверки направлений прогрессивного развития. . . ", "content_type": 8, "object_id": 1, "author": 2, "created": "2022-06-03T11:37:35.406", "updated": "2022-06-03T11:37:35.553"}}, {"model": "mainapp.comment", "pk": 8, "fields": {"post": 15, "body": "Товарищи! сложившаяся структура организации представляет собой интересный эксперимент проверки направлений прогрессивного развития. . . ", "content_type": 8, "object_id": 15, "author": 8, "created": "2022-06-03T11:37:35.675", "updated": "2022-06-03T11:37:35.822"}}, {"model": "mainapp.comment", "pk": 9, "fields": {"post": 5, "body": "Товарищи! сложившаяся структура организации представляет собой интересный эксперимент проверки направлений прогрессивного развития. . . ", "content_type": 8, "object_id": 5, "author": 7, "created": "2022-06-03T11:37:35.938", "updated": "2022-06-03T11:37:36.076"}}, {"model": "mainapp.comment", "pk": 10, "fields": {"post": 3, "body": "С другой стороны рамки и место обучения кадров способствует подготовки и реализации модели развития. ", "content_type": 8, "object_id": 3, "author": 5, "created": "2022-06-03T11:37:36.207", "updated": "2022-06-03T11:37:36.323"}}, {"model": "mainapp.comment", "pk": 11, "fields": {"post": 5, "body": "С другой стороны рамки и место обучения кадров способствует подготовки и реализации модели развития. ", "content_type": 8, "object_id": 5, "author": 5, "created": "2022-06-03T11:37:36.477", "updated": "2022-06-03T11:37:36.593"}}, {"model": "mainapp.comment", "pk": 12, "fields": {"post": 1, "body": "Повседневная практика показывает, что реализация намеченных плановых заданий в значительной степени обуславливает создание модели развития.", "content_type": 8, "object_id": 1, "author": 3, "created": "2022-06-03T11:37:36.724", "updated": "2022-06-03T11:37:36.856"}}, {"model": "mainapp.comment", "pk": 13, "fields": {"post": 5, "body": "Повседневная практика показывает, что реализация намеченных плановых заданий в значительной степени обуславливает создание модели развития.", "content_type": 8, "object_id": 5, "author": 8, "created": "2022-06-03T11:37:36.994", "updated": "2022-06-03T11:37:37.109"}}, {"model": "mainapp.comment", "pk": 14, "fields": {"post": 15, "body": "Повседневная практика показывает, что реализация намеченных плановых заданий в значительной степени обуславливает создание модели развития.", "content_type": 8, "object_id": 15, "author": 1, "created": "2022-06-03T11:37:37.256", "updated": "2022-06-03T11:37:37.379"}}, {"model": "mainapp.comment", "pk": 15, "fields": {"post": 5, "body": "Повседневная практика показывает, что реализация намеченных плановых заданий в значительной степени обуславливает создание модели развития.", "content_type": 8, "object_id": 5, "author": 1, "created": "2022-06-03T11:37:37.541", "updated": "2022-06-03T11:37:37.673"}}, {"model": "mainapp.comment", "pk": 16, "fields": {"post": 1, "body": "Идейные соображения высшего порядка, а также рамки и место обучения кадров обеспечивает широкому кругу (специалистов) участие в формировании новых предложений.", "content_type": 8, "object_id": 1, "author": 1, "created": "2022-06-03T11:37:37.826", "updated": "2022-06-03T11:37:37.980"}}, {"model": "mainapp.comment", "pk": 17, "fields": {"post": 2, "body": "Повседневная практика показывает, что укрепление и развитие структуры обеспечивает широкому кругу (специалистов) участие в формировании дальнейших направлений развития.", "content_type": 8, "object_id": 2, "author": 3, "created": "2022-06-03T11:37:38.143", "updated": "2022-06-03T11:37:38.296"}}, {"model": "mainapp.comment", "pk": 18, "fields": {"post": 4, "body": "Повседневная практика показывает, что укрепление и развитие структуры обеспечивает широкому кругу (специалистов) участие в формировании дальнейших направлений развития.", "content_type": 8, "object_id": 4, "author": 5, "created": "2022-06-03T11:37:38.459", "updated": "2022-06-03T11:37:38.612"}}, {"model": "mainapp.comment", "pk": 19, "fields": {"post": 6, "body": "Повседневная практика показывает, что укрепление и развитие структуры обеспечивает широкому кругу (специалистов) участие в формировании дальнейших направлений развития.", "content_type": 8, "object_id": 6, "author": 7, "created": "2022-06-03T11:37:38.760", "updated": "2022-06-03T11:37:38.913"}}, {"model": "mainapp.post", "pk": 1, "fields": {"topic": "Идейные соображения высшего порядка", "annotation": "Идейные соображения высшего порядка, а также дальнейшее развитие различных форм деятельности позволяет оценить значение новых предложений. ", "article": "<p>С другой стороны укрепление и развитие структуры обеспечивает участие в формировании систем массового участия. Идейные соображения высшего порядка, а также укрепление и развитие структуры играет важную роль в формировании существенных финансовых и административных условий.</p>\n<p>Если у вас есть какие то интересные предложения, обращайтесь! Студия Web-Boss всегда готова решить любую задачу. Идейные соображения высшего порядка, а также дальнейшее развитие различных форм деятельности позволяет оценить значение новых предложений. Не следует, однако забывать, что дальнейшее развитие различных форм деятельности способствует подготовки и реализации форм развития.</p>\n<p>Товарищи! консультация с широким активом позволяет выполнять важные задания по разработке систем массового участия. Повседневная практика показывает, что реализация намеченных плановых заданий в значительной степени обуславливает создание модели развития.</p>\n<p>Идейные соображения высшего порядка, а также укрепление и развитие структуры играет важную роль в формировании существенных финансовых и административных условий. Разнообразный и богатый опыт консультация с широким активом обеспечивает широкому кругу.</p>\n<p>Таким образом новая модель организационной деятельности способствует подготовки и реализации систем массового участия. С другой стороны рамки и место обучения кадров способствует подготовки и реализации модели развития. Товарищи! сложившаяся структура организации представляет собой интересный эксперимент проверки направлений прогрессивного развития.</p>\n<p>Значимость этих проблем настолько очевидна, что дальнейшее развитие различных форм деятельности обеспечивает широкому кругу (специалистов) участие в формировании новых предложений. Равным образом консультация с широким активом требуют определения и уточнения модели развития. Таким образом новая модель организационной деятельности способствует подготовки и реализации систем массового участия.</p>\n<p>Не следует, однако забывать, что дальнейшее развитие различных форм деятельности способствует подготовки и реализации форм развития. Значимость этих проблем настолько очевидна, что дальнейшее развитие различных форм деятельности обеспечивает широкому кругу (специалистов) участие в формировании новых предложений.</p>\n<p>. Товарищи! сложившаяся структура организации представляет собой интересный эксперимент проверки направлений прогрессивного развития. Равным образом постоянный количественный рост и сфера нашей активности играет важную роль в формировании системы обучения кадров, соответствует насущным потребностям.</p>\n<p>Идейные соображения высшего порядка, а также укрепление и развитие структуры играет важную роль в формировании существенных финансовых и административных условий. Идейные соображения высшего порядка, а также рамки и место обучения кадров обеспечивает широкому кругу (специалистов) участие в формировании новых предложений.</p>\n<p>Таким образом реализация намеченных плановых заданий позволяет оценить значение новых предложений. Разнообразный и богатый опыт консультация с широким активом обеспечивает широкому кругу. Не следует, однако забывать, что дальнейшее развитие различных форм деятельности способствует подготовки и реализации форм развития.</p>", "category": 1, "status": 2, "author": 4, "image": "seeder/posts/index_1.jpg", "created": "2022-06-03T11:37:28.236", "updated": "2022-06-03T11:37:28.405"}}, {"model": "mainapp.post", "pk": 2, "fields": {"topic": "Студия Web-Boss", "annotation": "Не следует, однако забывать, что дальнейшее развитие различных форм деятельности способствует подготовки и реализации форм развития. ", "article": "<p>Значимость этих проблем настолько очевидна, что консультация с широким активом играет важную роль в формировании новых предложений. Идейные соображения высшего порядка, а также дальнейшее развитие различных форм деятельности позволяет оценить значение новых предложений.</p>\n<p>С другой стороны постоянное информационно-пропагандистское обеспечение нашей деятельности обеспечивает широкому кругу (специалистов) участие в формировании позиций, занимаемых участниками в отношении поставленных задач.</p>\n<p>С другой стороны постоянное информационно-пропагандистское обеспечение нашей деятельности обеспечивает широкому кругу (специалистов) участие в формировании позиций, занимаемых участниками в отношении поставленных задач. Таким образом реализация намеченных плановых заданий позволяет оценить значение новых предложений.</p>\n<p>Идейные соображения высшего порядка, а также укрепление и развитие структуры играет важную роль в формировании существенных финансовых и административных условий. Равным образом рамки и место обучения кадров влечет за собой процесс внедрения и модернизации системы обучения кадров, соответствует насущным потребностям.</p>\n<p>Идейные соображения высшего порядка, а также дальнейшее развитие различных форм деятельности позволяет оценить значение новых предложений. С другой стороны рамки и место обучения кадров способствует подготовки и реализации модели развития. Идейные соображения высшего порядка, а также рамки и место обучения кадров обеспечивает широкому кругу (специалистов) участие в формировании новых предложений.</p>\n<p>Не следует, однако забывать, что дальнейшее развитие различных форм деятельности способствует подготовки и реализации форм развития. Не следует, однако забывать, что дальнейшее развитие различных форм деятельности способствует подготовки и реализации форм развития.</p>\n<p>Если у вас есть какие то интересные предложения, обращайтесь! Студия Web-Boss всегда готова решить любую задачу. С другой стороны укрепление и развитие структуры обеспечивает участие в формировании систем массового участия. Товарищи! консультация с широким активом позволяет выполнять важные задания по разработке систем массового участия.</p>\n<p>Если у вас есть какие то интересные предложения, обращайтесь! Студия Web-Boss всегда готова решить любую задачу. С другой стороны постоянное информационно-пропагандистское обеспечение нашей деятельности обеспечивает широкому кругу (специалистов) участие в формировании позиций, занимаемых участниками в отношении поставленных задач.</p>\n<p>Значимость этих проблем настолько очевидна, что консультация с широким активом играет важную роль в формировании новых предложений. С другой стороны рамки и место обучения кадров способствует подготовки и реализации модели развития.</p>\n<p>Повседневная практика показывает, что укрепление и развитие структуры обеспечивает широкому кругу (специалистов) участие в формировании дальнейших направлений развития. Если у вас есть какие то интересные предложения, обращайтесь! Студия Web-Boss всегда готова решить любую задачу.</p>", "category": 2, "status": 2, "author": 6, "image": "seeder/posts/index_2.jpg", "created": "2022-06-03T11:37:28.621", "updated": "2022-06-03T11:37:28.775"}}, {"model": "mainapp.post", "pk": 3, "fields": {"topic": "Значимость проблем", "annotation": "Товарищи! постоянное информационно-пропагандистское обеспечение нашей деятельности позволяет выполнять важные задания по разработке модели развития.", "article": "<p>Разнообразный и богатый опыт консультация с широким активом обеспечивает широкому кругу. С другой стороны укрепление и развитие структуры обеспечивает участие в формировании систем массового участия. Товарищи! постоянное информационно-пропагандистское обеспечение нашей деятельности позволяет выполнять важные задания по разработке модели развития.</p>\n<p>Идейные соображения высшего порядка, а также укрепление и развитие структуры играет важную роль в формировании существенных финансовых и административных условий. Идейные соображения высшего порядка, а также начало повседневной работы по формированию позиции позволяет оценить значение модели развития.</p>\n<p>Товарищи! постоянное информационно-пропагандистское обеспечение нашей деятельности позволяет выполнять важные задания по разработке модели развития. . Товарищи! сложившаяся структура организации представляет собой интересный эксперимент проверки направлений прогрессивного развития.</p>\n<p>С другой стороны постоянное информационно-пропагандистское обеспечение нашей деятельности обеспечивает широкому кругу (специалистов) участие в формировании позиций, занимаемых участниками в отношении поставленных задач.</p>\n<p>Товарищи! консультация с широким активом позволяет выполнять важные задания по разработке систем массового участия. Товарищи! консультация с широким активом позволяет выполнять важные задания по разработке систем массового участия. Товарищи! постоянное информационно-пропагандистское обеспечение нашей деятельности позволяет выполнять важные задания по разработке модели развития.</p>\n<p>С другой стороны укрепление и развитие структуры обеспечивает участие в формировании систем массового участия. С другой стороны постоянное информационно-пропагандистское обеспечение нашей деятельности обеспечивает широкому кругу (специалистов) участие в формировании позиций, занимаемых участниками в отношении поставленных задач.</p>\n<p>Товарищи! сложившаяся структура организации представляет собой интересный эксперимент проверки направлений прогрессивного развития. Товарищи! консультация с широким активом позволяет выполнять важные задания по разработке систем массового участия.</p>\n<p>Равным образом рамки и место обучения кадров влечет за собой процесс внедрения и модернизации системы обучения кадров, соответствует насущным потребностям. Значимость этих проблем настолько очевидна, что дальнейшее развитие различных форм деятельности обеспечивает широкому кругу (специалистов) участие в формировании новых предложений.</p>\n<p>Разнообразный и богатый опыт консультация с широким активом обеспечивает широкому кругу. . Равным образом постоянный количественный рост и сфера нашей активности играет важную роль в формировании системы обучения кадров, соответствует насущным потребностям.</p>\n<p>Если у вас есть какие то интересные предложения, обращайтесь! Студия Web-Boss всегда готова решить любую задачу. Товарищи! консультация с широким активом позволяет выполнять важные задания по разработке систем массового участия. Равным образом постоянный количественный рост и сфера нашей активности играет важную роль в формировании системы обучения кадров, соответствует насущным потребностям.</p>", "category": 3, "status": 2, "author": 8, "image": "seeder/posts/index_3.jpg", "created": "2022-06-03T11:37:28.976", "updated": "2022-06-03T11:37:29.138"}}, {"model": "mainapp.post", "pk": 4, "fields": {"topic": "Если у вас есть какие то интересные предложения", "annotation": "Повседневная практика показывает, что укрепление и развитие структуры обеспечивает широкому кругу (специалистов) участие в формировании дальнейших направлений развития.", "article": "<p>Товарищи! консультация с широким активом позволяет выполнять важные задания по разработке систем массового участия. Таким образом реализация намеченных плановых заданий позволяет оценить значение новых предложений. Повседневная практика показывает, что реализация намеченных плановых заданий в значительной степени обуславливает создание модели развития.</p>\n<p>. Таким образом новая модель организационной деятельности способствует подготовки и реализации систем массового участия. Равным образом рамки и место обучения кадров влечет за собой процесс внедрения и модернизации системы обучения кадров, соответствует насущным потребностям.</p>\n<p>Таким образом новая модель организационной деятельности способствует подготовки и реализации систем массового участия. Идейные соображения высшего порядка, а также начало повседневной работы по формированию позиции позволяет оценить значение модели развития. Товарищи! постоянное информационно-пропагандистское обеспечение нашей деятельности позволяет выполнять важные задания по разработке модели развития.</p>\n<p>Таким образом реализация намеченных плановых заданий позволяет оценить значение новых предложений. С другой стороны укрепление и развитие структуры обеспечивает участие в формировании систем массового участия. Идейные соображения высшего порядка, а также рамки и место обучения кадров обеспечивает широкому кругу (специалистов) участие в формировании новых предложений.</p>\n<p>Равным образом рамки и место обучения кадров влечет за собой процесс внедрения и модернизации системы обучения кадров, соответствует насущным потребностям. Идейные соображения высшего порядка, а также рамки и место обучения кадров обеспечивает широкому кругу (специалистов) участие в формировании новых предложений.</p>\n<p>Повседневная практика показывает, что укрепление и развитие структуры обеспечивает широкому кругу (специалистов) участие в формировании дальнейших направлений развития. Повседневная практика показывает, что укрепление и развитие структуры обеспечивает широкому кругу (специалистов) участие в формировании дальнейших направлений развития.</p>\n<p>. Товарищи! постоянное информационно-пропагандистское обеспечение нашей деятельности позволяет выполнять важные задания по разработке модели развития. Повседневная практика показывает, что реализация намеченных плановых заданий в значительной степени обуславливает создание модели развития.</p>\n<p>Товарищи! консультация с широким активом позволяет выполнять важные задания по разработке систем массового участия. Таким образом новая модель организационной деятельности способствует подготовки и реализации систем массового участия. Не следует, однако забывать, что дальнейшее развитие различных форм деятельности способствует подготовки и реализации форм развития.</p>\n<p>Разнообразный и богатый опыт консультация с широким активом обеспечивает широкому кругу. Товарищи! постоянное информационно-пропагандистское обеспечение нашей деятельности позволяет выполнять важные задания по разработке модели развития. С другой стороны укрепление и развитие структуры обеспечивает участие в формировании систем массового участия.</p>\n<p>С другой стороны рамки и место обучения кадров способствует подготовки и реализации модели развития. С другой стороны укрепление и развитие структуры обеспечивает участие в формировании систем массового участия. Идейные соображения высшего порядка, а также укрепление и развитие структуры играет важную роль в формировании существенных финансовых и административных условий.</p>", "category": 4, "status": 1, "author": 8, "image": "seeder/posts/index_4.jpg", "created": "2022-06-03T11:37:29.339", "updated": "2022-06-03T11:37:29.493"}}, {"model": "mainapp.post", "pk": 5, "fields": {"topic": "Разнообразный и богатый опыт", "annotation": "С другой стороны укрепление и развитие структуры обеспечивает участие в формировании систем массового участия. ", "article": "<p>Равным образом консультация с широким активом требуют определения и уточнения модели развития. Идейные соображения высшего порядка, а также укрепление и развитие структуры играет важную роль в формировании существенных финансовых и административных условий. С другой стороны постоянное информационно-пропагандистское обеспечение нашей деятельности обеспечивает широкому кругу (специалистов) участие в формировании позиций, занимаемых участниками в отношении поставленных задач.</p>\n<p>С другой стороны укрепление и развитие структуры обеспечивает участие в формировании систем массового участия. Значимость этих проблем настолько очевидна, что дальнейшее развитие различных форм деятельности обеспечивает широкому кругу (специалистов) участие в формировании новых предложений.</p>\n<p>Товарищи! консультация с широким активом позволяет выполнять важные задания по разработке систем массового участия. Таким образом реализация намеченных плановых заданий позволяет оценить значение новых предложений. Значимость этих проблем настолько очевидна, что консультация с широким активом играет важную роль в формировании новых предложений.</p>\n<p>Товарищи! сложившаяся структура организации представляет собой интересный эксперимент проверки направлений прогрессивного развития. С другой стороны укрепление и развитие структуры обеспечивает участие в формировании систем массового участия. С другой стороны рамки и место обучения кадров способствует подготовки и реализации модели развития.</p>\n<p>Товарищи! консультация с широким активом позволяет выполнять важные задания по разработке систем массового участия. Идейные соображения высшего порядка, а также начало повседневной работы по формированию позиции позволяет оценить значение модели развития.</p>\n<p>Товарищи! консультация с широким активом позволяет выполнять важные задания по разработке систем массового участия. Равным образом рамки и место обучения кадров влечет за собой процесс внедрения и модернизации системы обучения кадров, соответствует насущным потребностям.</p>\n<p>Товарищи! сложившаяся структура организации представляет собой интересный эксперимент проверки направлений прогрессивного развития. Значимость этих проблем настолько очевидна, что дальнейшее развитие различных форм деятельности обеспечивает широкому кругу (специалистов) участие в формировании новых предложений.</p>\n<p>Если у вас есть какие то интересные предложения, обращайтесь! Студия Web-Boss всегда готова решить любую задачу. Разнообразный и богатый опыт консультация с широким активом обеспечивает широкому кругу. Если у вас есть какие то интересные предложения, обращайтесь! Студия Web-Boss всегда готова решить любую задачу.</p>\n<p>Равным образом консультация с широким активом требуют определения и уточнения модели развития. Товарищи! консультация с широким активом позволяет выполнять важные задания по разработке систем массового участия. С другой стороны рамки и место обучения кадров способствует подготовки и реализации модели развития.</p>\n<p>Разнообразный и богатый опыт консультация с широким активом обеспечивает широкому кругу. С другой стороны укрепление и развитие структуры обеспечивает участие в формировании систем массового участия. Товарищи! постоянное информационно-пропагандистское обеспечение нашей деятельности позволяет выполнять важные задания по разработке модели развития.</p>", "category": 3, "status": 2, "author": 8, "image": "seeder/posts/index_5.jpg", "created": "2022-06-03T11:37:29.678", "updated": "2022-06-03T11:37:29.841"}}, {"model": "mainapp.post", "pk": 6, "fields": {"topic": "Формировании новых предложений", "annotation": "Равным образом постоянный количественный рост и сфера нашей активности играет важную роль в формировании системы обучения кадров, соответствует насущным потребностям.", "article": "<p>Идейные соображения высшего порядка, а также дальнейшее развитие различных форм деятельности позволяет оценить значение новых предложений. Товарищи! консультация с широким активом позволяет выполнять важные задания по разработке систем массового участия. Равным образом постоянный количественный рост и сфера нашей активности играет важную роль в формировании системы обучения кадров, соответствует насущным потребностям.</p>\n<p>Повседневная практика показывает, что реализация намеченных плановых заданий в значительной степени обуславливает создание модели развития. Таким образом реализация намеченных плановых заданий позволяет оценить значение новых предложений. Значимость этих проблем настолько очевидна, что дальнейшее развитие различных форм деятельности обеспечивает широкому кругу (специалистов) участие в формировании новых предложений.</p>\n<p>Идейные соображения высшего порядка, а также укрепление и развитие структуры играет важную роль в формировании существенных финансовых и административных условий. Равным образом консультация с широким активом требуют определения и уточнения модели развития. Значимость этих проблем настолько очевидна, что консультация с широким активом играет важную роль в формировании новых предложений.</p>\n<p>Идейные соображения высшего порядка, а также начало повседневной работы по формированию позиции позволяет оценить значение модели развития. Равным образом постоянный количественный рост и сфера нашей активности играет важную роль в формировании системы обучения кадров, соответствует насущным потребностям.</p>\n<p>Повседневная практика показывает, что укрепление и развитие структуры обеспечивает широкому кругу (специалистов) участие в формировании дальнейших направлений развития. Идейные соображения высшего порядка, а также дальнейшее развитие различных форм деятельности позволяет оценить значение новых предложений.</p>\n<p>С другой стороны рамки и место обучения кадров способствует подготовки и реализации модели развития. Товарищи! консультация с широким активом позволяет выполнять важные задания по разработке систем массового участия. Равным образом постоянный количественный рост и сфера нашей активности играет важную роль в формировании системы обучения кадров, соответствует насущным потребностям.</p>\n<p>Равным образом постоянный количественный рост и сфера нашей активности играет важную роль в формировании системы обучения кадров, соответствует насущным потребностям. Товарищи! постоянное информационно-пропагандистское обеспечение нашей деятельности позволяет выполнять важные задания по разработке модели развития.</p>\n<p>Значимость этих проблем настолько очевидна, что дальнейшее развитие различных форм деятельности обеспечивает широкому кругу (специалистов) участие в формировании новых предложений. Идейные соображения высшего порядка, а также рамки и место обучения кадров обеспечивает широкому кругу (специалистов) участие в формировании новых предложений.</p>\n<p>Повседневная практика показывает, что реализация намеченных плановых заданий в значительной степени обуславливает создание модели развития. Идейные соображения высшего порядка, а также дальнейшее развитие различных форм деятельности позволяет оценить значение новых предложений.</p>\n<p>Таким образом новая модель организационной деятельности способствует подготовки и реализации систем массового участия. Разнообразный и богатый опыт консультация с широким активом обеспечивает широкому кругу. Идейные соображения высшего порядка, а также дальнейшее развитие различных форм деятельности позволяет оценить значение новых предложений.</p>", "category": 2, "status": 2, "author": 5, "image": "seeder/posts/index_6.jpg", "created": "2022-06-03T11:37:30.026", "updated": "2022-06-03T11:37:30.195"}}, {"model": "mainapp.post", "pk": 7, "fields": {"topic": "К новым вершинам", "annotation": "Соображения высшего порядка, а также дальнейшее развитие различных форм деятельности позволяет оценить значение новых предложений. ", "article": "<p>С другой стороны укрепление и развитие структуры обеспечивает участие в формировании систем массового участия. Идейные соображения высшего порядка, а также укрепление и развитие структуры играет важную роль в формировании существенных финансовых и административных условий.</p>\n<p>Если у вас есть какие то интересные предложения, обращайтесь! Студия Web-Boss всегда готова решить любую задачу. Идейные соображения высшего порядка, а также дальнейшее развитие различных форм деятельности позволяет оценить значение новых предложений. Не следует, однако забывать, что дальнейшее развитие различных форм деятельности способствует подготовки и реализации форм развития.</p>\n<p>Товарищи! консультация с широким активом позволяет выполнять важные задания по разработке систем массового участия. Повседневная практика показывает, что реализация намеченных плановых заданий в значительной степени обуславливает создание модели развития.</p>\n<p>Идейные соображения высшего порядка, а также укрепление и развитие структуры играет важную роль в формировании существенных финансовых и административных условий. Разнообразный и богатый опыт консультация с широким активом обеспечивает широкому кругу.</p>\n<p>Таким образом новая модель организационной деятельности способствует подготовки и реализации систем массового участия. С другой стороны рамки и место обучения кадров способствует подготовки и реализации модели развития. Товарищи! сложившаяся структура организации представляет собой интересный эксперимент проверки направлений прогрессивного развития.</p>\n<p>Значимость этих проблем настолько очевидна, что дальнейшее развитие различных форм деятельности обеспечивает широкому кругу (специалистов) участие в формировании новых предложений. Равным образом консультация с широким активом требуют определения и уточнения модели развития. Таким образом новая модель организационной деятельности способствует подготовки и реализации систем массового участия.</p>\n<p>Не следует, однако забывать, что дальнейшее развитие различных форм деятельности способствует подготовки и реализации форм развития. Значимость этих проблем настолько очевидна, что дальнейшее развитие различных форм деятельности обеспечивает широкому кругу (специалистов) участие в формировании новых предложений.</p>\n<p>. Товарищи! сложившаяся структура организации представляет собой интересный эксперимент проверки направлений прогрессивного развития. Равным образом постоянный количественный рост и сфера нашей активности играет важную роль в формировании системы обучения кадров, соответствует насущным потребностям.</p>\n<p>Идейные соображения высшего порядка, а также укрепление и развитие структуры играет важную роль в формировании существенных финансовых и административных условий. Идейные соображения высшего порядка, а также рамки и место обучения кадров обеспечивает широкому кругу (специалистов) участие в формировании новых предложений.</p>\n<p>Таким образом реализация намеченных плановых заданий позволяет оценить значение новых предложений. Разнообразный и богатый опыт консультация с широким активом обеспечивает широкому кругу. Не следует, однако забывать, что дальнейшее развитие различных форм деятельности способствует подготовки и реализации форм развития.</p>", "category": 1, "status": 2, "author": 4, "image": "seeder/posts/index_7.jpg", "created": "2022-06-03T11:37:30.395", "updated": "2022-06-03T11:37:30.543"}}, {"model": "mainapp.post", "pk": 8, "fields": {"topic": "Повседневные проблемы", "annotation": "Следует помнить, что дальнейшее развитие различных форм деятельности способствует подготовки и реализации форм развития. ", "article": "<p>Значимость этих проблем настолько очевидна, что консультация с широким активом играет важную роль в формировании новых предложений. Идейные соображения высшего порядка, а также дальнейшее развитие различных форм деятельности позволяет оценить значение новых предложений.</p>\n<p>С другой стороны постоянное информационно-пропагандистское обеспечение нашей деятельности обеспечивает широкому кругу (специалистов) участие в формировании позиций, занимаемых участниками в отношении поставленных задач.</p>\n<p>С другой стороны постоянное информационно-пропагандистское обеспечение нашей деятельности обеспечивает широкому кругу (специалистов) участие в формировании позиций, занимаемых участниками в отношении поставленных задач. Таким образом реализация намеченных плановых заданий позволяет оценить значение новых предложений.</p>\n<p>Идейные соображения высшего порядка, а также укрепление и развитие структуры играет важную роль в формировании существенных финансовых и административных условий. Равным образом рамки и место обучения кадров влечет за собой процесс внедрения и модернизации системы обучения кадров, соответствует насущным потребностям.</p>\n<p>Идейные соображения высшего порядка, а также дальнейшее развитие различных форм деятельности позволяет оценить значение новых предложений. С другой стороны рамки и место обучения кадров способствует подготовки и реализации модели развития. Идейные соображения высшего порядка, а также рамки и место обучения кадров обеспечивает широкому кругу (специалистов) участие в формировании новых предложений.</p>\n<p>Не следует, однако забывать, что дальнейшее развитие различных форм деятельности способствует подготовки и реализации форм развития. Не следует, однако забывать, что дальнейшее развитие различных форм деятельности способствует подготовки и реализации форм развития.</p>\n<p>Если у вас есть какие то интересные предложения, обращайтесь! Студия Web-Boss всегда готова решить любую задачу. С другой стороны укрепление и развитие структуры обеспечивает участие в формировании систем массового участия. Товарищи! консультация с широким активом позволяет выполнять важные задания по разработке систем массового участия.</p>\n<p>Если у вас есть какие то интересные предложения, обращайтесь! Студия Web-Boss всегда готова решить любую задачу. С другой стороны постоянное информационно-пропагандистское обеспечение нашей деятельности обеспечивает широкому кругу (специалистов) участие в формировании позиций, занимаемых участниками в отношении поставленных задач.</p>\n<p>Значимость этих проблем настолько очевидна, что консультация с широким активом играет важную роль в формировании новых предложений. С другой стороны рамки и место обучения кадров способствует подготовки и реализации модели развития.</p>\n<p>Повседневная практика показывает, что укрепление и развитие структуры обеспечивает широкому кругу (специалистов) участие в формировании дальнейших направлений развития. Если у вас есть какие то интересные предложения, обращайтесь! Студия Web-Boss всегда готова решить любую задачу.</p>", "category": 2, "status": 2, "author": 6, "image": "seeder/posts/index_8.jpg", "created": "2022-06-03T11:37:30.759", "updated": "2022-06-03T11:37:30.912"}}, {"model": "mainapp.post", "pk": 9, "fields": {"topic": "Возможность выбора", "annotation": "Постоянное информационно-пропагандистское обеспечение нашей деятельности позволяет выполнять важные задания по разработке модели развития.", "article": "<p>Разнообразный и богатый опыт консультация с широким активом обеспечивает широкому кругу. С другой стороны укрепление и развитие структуры обеспечивает участие в формировании систем массового участия. Товарищи! постоянное информационно-пропагандистское обеспечение нашей деятельности позволяет выполнять важные задания по разработке модели развития.</p>\n<p>Идейные соображения высшего порядка, а также укрепление и развитие структуры играет важную роль в формировании существенных финансовых и административных условий. Идейные соображения высшего порядка, а также начало повседневной работы по формированию позиции позволяет оценить значение модели развития.</p>\n<p>Товарищи! постоянное информационно-пропагандистское обеспечение нашей деятельности позволяет выполнять важные задания по разработке модели развития. . Товарищи! сложившаяся структура организации представляет собой интересный эксперимент проверки направлений прогрессивного развития.</p>\n<p>С другой стороны постоянное информационно-пропагандистское обеспечение нашей деятельности обеспечивает широкому кругу (специалистов) участие в формировании позиций, занимаемых участниками в отношении поставленных задач.</p>\n<p>Товарищи! консультация с широким активом позволяет выполнять важные задания по разработке систем массового участия. Товарищи! консультация с широким активом позволяет выполнять важные задания по разработке систем массового участия. Товарищи! постоянное информационно-пропагандистское обеспечение нашей деятельности позволяет выполнять важные задания по разработке модели развития.</p>\n<p>С другой стороны укрепление и развитие структуры обеспечивает участие в формировании систем массового участия. С другой стороны постоянное информационно-пропагандистское обеспечение нашей деятельности обеспечивает широкому кругу (специалистов) участие в формировании позиций, занимаемых участниками в отношении поставленных задач.</p>\n<p>Товарищи! сложившаяся структура организации представляет собой интересный эксперимент проверки направлений прогрессивного развития. Товарищи! консультация с широким активом позволяет выполнять важные задания по разработке систем массового участия.</p>\n<p>Равным образом рамки и место обучения кадров влечет за собой процесс внедрения и модернизации системы обучения кадров, соответствует насущным потребностям. Значимость этих проблем настолько очевидна, что дальнейшее развитие различных форм деятельности обеспечивает широкому кругу (специалистов) участие в формировании новых предложений.</p>\n<p>Разнообразный и богатый опыт консультация с широким активом обеспечивает широкому кругу. . Равным образом постоянный количественный рост и сфера нашей активности играет важную роль в формировании системы обучения кадров, соответствует насущным потребностям.</p>\n<p>Если у вас есть какие то интересные предложения, обращайтесь! Студия Web-Boss всегда готова решить любую задачу. Товарищи! консультация с широким активом позволяет выполнять важные задания по разработке систем массового участия. Равным образом постоянный количественный рост и сфера нашей активности играет важную роль в формировании системы обучения кадров, соответствует насущным потребностям.</p>", "category": 3, "status": 2, "author": 8, "image": "seeder/posts/index_9.jpg", "created": "2022-06-03T11:37:31.166", "updated": "2022-06-03T11:37:31.345"}}, {"model": "mainapp.post", "pk": 10, "fields": {"topic": "Прогноз погоды", "annotation": "С другой стороны укрепление и развитие структуры обеспечивает участие в формировании систем массового участия. ", "article": "<p>Равным образом консультация с широким активом требуют определения и уточнения модели развития. Идейные соображения высшего порядка, а также укрепление и развитие структуры играет важную роль в формировании существенных финансовых и административных условий. С другой стороны постоянное информационно-пропагандистское обеспечение нашей деятельности обеспечивает широкому кругу (специалистов) участие в формировании позиций, занимаемых участниками в отношении поставленных задач.</p>\n<p>С другой стороны укрепление и развитие структуры обеспечивает участие в формировании систем массового участия. Значимость этих проблем настолько очевидна, что дальнейшее развитие различных форм деятельности обеспечивает широкому кругу (специалистов) участие в формировании новых предложений.</p>\n<p>Товарищи! консультация с широким активом позволяет выполнять важные задания по разработке систем массового участия. Таким образом реализация намеченных плановых заданий позволяет оценить значение новых предложений. Значимость этих проблем настолько очевидна, что консультация с широким активом играет важную роль в формировании новых предложений.</p>\n<p>Товарищи! сложившаяся структура организации представляет собой интересный эксперимент проверки направлений прогрессивного развития. С другой стороны укрепление и развитие структуры обеспечивает участие в формировании систем массового участия. С другой стороны рамки и место обучения кадров способствует подготовки и реализации модели развития.</p>\n<p>Товарищи! консультация с широким активом позволяет выполнять важные задания по разработке систем массового участия. Идейные соображения высшего порядка, а также начало повседневной работы по формированию позиции позволяет оценить значение модели развития.</p>\n<p>Товарищи! консультация с широким активом позволяет выполнять важные задания по разработке систем массового участия. Равным образом рамки и место обучения кадров влечет за собой процесс внедрения и модернизации системы обучения кадров, соответствует насущным потребностям.</p>\n<p>Товарищи! сложившаяся структура организации представляет собой интересный эксперимент проверки направлений прогрессивного развития. Значимость этих проблем настолько очевидна, что дальнейшее развитие различных форм деятельности обеспечивает широкому кругу (специалистов) участие в формировании новых предложений.</p>\n<p>Если у вас есть какие то интересные предложения, обращайтесь! Студия Web-Boss всегда готова решить любую задачу. Разнообразный и богатый опыт консультация с широким активом обеспечивает широкому кругу. Если у вас есть какие то интересные предложения, обращайтесь! Студия Web-Boss всегда готова решить любую задачу.</p>\n<p>Равным образом консультация с широким активом требуют определения и уточнения модели развития. Товарищи! консультация с широким активом позволяет выполнять важные задания по разработке систем массового участия. С другой стороны рамки и место обучения кадров способствует подготовки и реализации модели развития.</p>\n<p>Разнообразный и богатый опыт консультация с широким активом обеспечивает широкому кругу. С другой стороны укрепление и развитие структуры обеспечивает участие в формировании систем массового участия. Товарищи! постоянное информационно-пропагандистское обеспечение нашей деятельности позволяет выполнять важные задания по разработке модели развития.</p>", "category": 4, "status": 2, "author": 9, "image": "seeder/posts/index_10.jpg", "created": "2022-06-03T11:37:31.529", "updated": "2022-06-03T11:37:31.683"}}, {"model": "mainapp.post", "pk": 11, "fields": {"topic": "Современные тренды на рынке труда", "annotation": "Равным образом постоянный количественный рост и сфера нашей активности играет важную роль в формировании системы обучения кадров, соответствует насущным потребностям.", "article": "<p>Идейные соображения высшего порядка, а также дальнейшее развитие различных форм деятельности позволяет оценить значение новых предложений. Товарищи! консультация с широким активом позволяет выполнять важные задания по разработке систем массового участия. Равным образом постоянный количественный рост и сфера нашей активности играет важную роль в формировании системы обучения кадров, соответствует насущным потребностям.</p>\n<p>Повседневная практика показывает, что реализация намеченных плановых заданий в значительной степени обуславливает создание модели развития. Таким образом реализация намеченных плановых заданий позволяет оценить значение новых предложений. Значимость этих проблем настолько очевидна, что дальнейшее развитие различных форм деятельности обеспечивает широкому кругу (специалистов) участие в формировании новых предложений.</p>\n<p>Идейные соображения высшего порядка, а также укрепление и развитие структуры играет важную роль в формировании существенных финансовых и административных условий. Равным образом консультация с широким активом требуют определения и уточнения модели развития. Значимость этих проблем настолько очевидна, что консультация с широким активом играет важную роль в формировании новых предложений.</p>\n<p>Идейные соображения высшего порядка, а также начало повседневной работы по формированию позиции позволяет оценить значение модели развития. Равным образом постоянный количественный рост и сфера нашей активности играет важную роль в формировании системы обучения кадров, соответствует насущным потребностям.</p>\n<p>Повседневная практика показывает, что укрепление и развитие структуры обеспечивает широкому кругу (специалистов) участие в формировании дальнейших направлений развития. Идейные соображения высшего порядка, а также дальнейшее развитие различных форм деятельности позволяет оценить значение новых предложений.</p>\n<p>С другой стороны рамки и место обучения кадров способствует подготовки и реализации модели развития. Товарищи! консультация с широким активом позволяет выполнять важные задания по разработке систем массового участия. Равным образом постоянный количественный рост и сфера нашей активности играет важную роль в формировании системы обучения кадров, соответствует насущным потребностям.</p>\n<p>Равным образом постоянный количественный рост и сфера нашей активности играет важную роль в формировании системы обучения кадров, соответствует насущным потребностям. Товарищи! постоянное информационно-пропагандистское обеспечение нашей деятельности позволяет выполнять важные задания по разработке модели развития.</p>\n<p>Значимость этих проблем настолько очевидна, что дальнейшее развитие различных форм деятельности обеспечивает широкому кругу (специалистов) участие в формировании новых предложений. Идейные соображения высшего порядка, а также рамки и место обучения кадров обеспечивает широкому кругу (специалистов) участие в формировании новых предложений.</p>\n<p>Повседневная практика показывает, что реализация намеченных плановых заданий в значительной степени обуславливает создание модели развития. Идейные соображения высшего порядка, а также дальнейшее развитие различных форм деятельности позволяет оценить значение новых предложений.</p>\n<p>Таким образом новая модель организационной деятельности способствует подготовки и реализации систем массового участия. Разнообразный и богатый опыт консультация с широким активом обеспечивает широкому кругу. Идейные соображения высшего порядка, а также дальнейшее развитие различных форм деятельности позволяет оценить значение новых предложений.</p>", "category": 4, "status": 2, "author": 8, "image": "seeder/posts/index_11.jpg", "created": "2022-06-03T11:37:31.868", "updated": "2022-06-03T11:37:32.026"}}, {"model": "mainapp.post", "pk": 12, "fields": {"topic": "К новым вершинам", "annotation": "Соображения высшего порядка, а также дальнейшее развитие различных форм деятельности позволяет оценить значение новых предложений. ", "article": "<p>С другой стороны укрепление и развитие структуры обеспечивает участие в формировании систем массового участия. Идейные соображения высшего порядка, а также укрепление и развитие структуры играет важную роль в формировании существенных финансовых и административных условий.</p>\n<p>Если у вас есть какие то интересные предложения, обращайтесь! Студия Web-Boss всегда готова решить любую задачу. Идейные соображения высшего порядка, а также дальнейшее развитие различных форм деятельности позволяет оценить значение новых предложений. Не следует, однако забывать, что дальнейшее развитие различных форм деятельности способствует подготовки и реализации форм развития.</p>\n<p>Товарищи! консультация с широким активом позволяет выполнять важные задания по разработке систем массового участия. Повседневная практика показывает, что реализация намеченных плановых заданий в значительной степени обуславливает создание модели развития.</p>\n<p>Идейные соображения высшего порядка, а также укрепление и развитие структуры играет важную роль в формировании существенных финансовых и административных условий. Разнообразный и богатый опыт консультация с широким активом обеспечивает широкому кругу.</p>\n<p>Таким образом новая модель организационной деятельности способствует подготовки и реализации систем массового участия. С другой стороны рамки и место обучения кадров способствует подготовки и реализации модели развития. Товарищи! сложившаяся структура организации представляет собой интересный эксперимент проверки направлений прогрессивного развития.</p>\n<p>Значимость этих проблем настолько очевидна, что дальнейшее развитие различных форм деятельности обеспечивает широкому кругу (специалистов) участие в формировании новых предложений. Равным образом консультация с широким активом требуют определения и уточнения модели развития. Таким образом новая модель организационной деятельности способствует подготовки и реализации систем массового участия.</p>\n<p>Не следует, однако забывать, что дальнейшее развитие различных форм деятельности способствует подготовки и реализации форм развития. Значимость этих проблем настолько очевидна, что дальнейшее развитие различных форм деятельности обеспечивает широкому кругу (специалистов) участие в формировании новых предложений.</p>\n<p>. Товарищи! сложившаяся структура организации представляет собой интересный эксперимент проверки направлений прогрессивного развития. Равным образом постоянный количественный рост и сфера нашей активности играет важную роль в формировании системы обучения кадров, соответствует насущным потребностям.</p>\n<p>Идейные соображения высшего порядка, а также укрепление и развитие структуры играет важную роль в формировании существенных финансовых и административных условий. Идейные соображения высшего порядка, а также рамки и место обучения кадров обеспечивает широкому кругу (специалистов) участие в формировании новых предложений.</p>\n<p>Таким образом реализация намеченных плановых заданий позволяет оценить значение новых предложений. Разнообразный и богатый опыт консультация с широким активом обеспечивает широкому кругу. Не следует, однако забывать, что дальнейшее развитие различных форм деятельности способствует подготовки и реализации форм развития.</p>", "category": 1, "status": 3, "author": 8, "image": "seeder/posts/index_7.jpg", "created": "2022-06-03T11:37:32.215", "updated": "2022-06-03T11:37:32.432"}}, {"model": "mainapp.post", "pk": 13, "fields": {"topic": "Повседневные проблемы", "annotation": "Следует помнить, что дальнейшее развитие различных форм деятельности способствует подготовки и реализации форм развития. ", "article": "<p>Значимость этих проблем настолько очевидна, что консультация с широким активом играет важную роль в формировании новых предложений. Идейные соображения высшего порядка, а также дальнейшее развитие различных форм деятельности позволяет оценить значение новых предложений.</p>\n<p>С другой стороны постоянное информационно-пропагандистское обеспечение нашей деятельности обеспечивает широкому кругу (специалистов) участие в формировании позиций, занимаемых участниками в отношении поставленных задач.</p>\n<p>С другой стороны постоянное информационно-пропагандистское обеспечение нашей деятельности обеспечивает широкому кругу (специалистов) участие в формировании позиций, занимаемых участниками в отношении поставленных задач. Таким образом реализация намеченных плановых заданий позволяет оценить значение новых предложений.</p>\n<p>Идейные соображения высшего порядка, а также укрепление и развитие структуры играет важную роль в формировании существенных финансовых и административных условий. Равным образом рамки и место обучения кадров влечет за собой процесс внедрения и модернизации системы обучения кадров, соответствует насущным потребностям.</p>\n<p>Идейные соображения высшего порядка, а также дальнейшее развитие различных форм деятельности позволяет оценить значение новых предложений. С другой стороны рамки и место обучения кадров способствует подготовки и реализации модели развития. Идейные соображения высшего порядка, а также рамки и место обучения кадров обеспечивает широкому кругу (специалистов) участие в формировании новых предложений.</p>\n<p>Не следует, однако забывать, что дальнейшее развитие различных форм деятельности способствует подготовки и реализации форм развития. Не следует, однако забывать, что дальнейшее развитие различных форм деятельности способствует подготовки и реализации форм развития.</p>\n<p>Если у вас есть какие то интересные предложения, обращайтесь! Студия Web-Boss всегда готова решить любую задачу. С другой стороны укрепление и развитие структуры обеспечивает участие в формировании систем массового участия. Товарищи! консультация с широким активом позволяет выполнять важные задания по разработке систем массового участия.</p>\n<p>Если у вас есть какие то интересные предложения, обращайтесь! Студия Web-Boss всегда готова решить любую задачу. С другой стороны постоянное информационно-пропагандистское обеспечение нашей деятельности обеспечивает широкому кругу (специалистов) участие в формировании позиций, занимаемых участниками в отношении поставленных задач.</p>\n<p>Значимость этих проблем настолько очевидна, что консультация с широким активом играет важную роль в формировании новых предложений. С другой стороны рамки и место обучения кадров способствует подготовки и реализации модели развития.</p>\n<p>Повседневная практика показывает, что укрепление и развитие структуры обеспечивает широкому кругу (специалистов) участие в формировании дальнейших направлений развития. Если у вас есть какие то интересные предложения, обращайтесь! Студия Web-Boss всегда готова решить любую задачу.</p>", "category": 2, "status": 1, "author": 8, "image": "seeder/posts/index_8.jpg", "created": "2022-06-03T11:37:32.632", "updated": "2022-06-03T11:37:32.817"}}, {"model": "mainapp.post", "pk": 14, "fields": {"topic": "Невозможность выбора", "annotation": "Постоянное информационно-пропагандистское обеспечение нашей деятельности позволяет выполнять важные задания по разработке модели развития.", "article": "<p>Разнообразный и богатый опыт консультация с широким активом обеспечивает широкому кругу. С другой стороны укрепление и развитие структуры обеспечивает участие в формировании систем массового участия. Товарищи! постоянное информационно-пропагандистское обеспечение нашей деятельности позволяет выполнять важные задания по разработке модели развития.</p>\n<p>Идейные соображения высшего порядка, а также укрепление и развитие структуры играет важную роль в формировании существенных финансовых и административных условий. Идейные соображения высшего порядка, а также начало повседневной работы по формированию позиции позволяет оценить значение модели развития.</p>\n<p>Товарищи! постоянное информационно-пропагандистское обеспечение нашей деятельности позволяет выполнять важные задания по разработке модели развития. . Товарищи! сложившаяся структура организации представляет собой интересный эксперимент проверки направлений прогрессивного развития.</p>\n<p>С другой стороны постоянное информационно-пропагандистское обеспечение нашей деятельности обеспечивает широкому кругу (специалистов) участие в формировании позиций, занимаемых участниками в отношении поставленных задач.</p>\n<p>Товарищи! консультация с широким активом позволяет выполнять важные задания по разработке систем массового участия. Товарищи! консультация с широким активом позволяет выполнять важные задания по разработке систем массового участия. Товарищи! постоянное информационно-пропагандистское обеспечение нашей деятельности позволяет выполнять важные задания по разработке модели развития.</p>\n<p>С другой стороны укрепление и развитие структуры обеспечивает участие в формировании систем массового участия. С другой стороны постоянное информационно-пропагандистское обеспечение нашей деятельности обеспечивает широкому кругу (специалистов) участие в формировании позиций, занимаемых участниками в отношении поставленных задач.</p>\n<p>Товарищи! сложившаяся структура организации представляет собой интересный эксперимент проверки направлений прогрессивного развития. Товарищи! консультация с широким активом позволяет выполнять важные задания по разработке систем массового участия.</p>\n<p>Равным образом рамки и место обучения кадров влечет за собой процесс внедрения и модернизации системы обучения кадров, соответствует насущным потребностям. Значимость этих проблем настолько очевидна, что дальнейшее развитие различных форм деятельности обеспечивает широкому кругу (специалистов) участие в формировании новых предложений.</p>\n<p>Разнообразный и богатый опыт консультация с широким активом обеспечивает широкому кругу. . Равным образом постоянный количественный рост и сфера нашей активности играет важную роль в формировании системы обучения кадров, соответствует насущным потребностям.</p>\n<p>Если у вас есть какие то интересные предложения, обращайтесь! Студия Web-Boss всегда готова решить любую задачу. Товарищи! консультация с широким активом позволяет выполнять важные задания по разработке систем массового участия. Равным образом постоянный количественный рост и сфера нашей активности играет важную роль в формировании системы обучения кадров, соответствует насущным потребностям.</p>", "category": 1, "status": 4, "author": 9, "image": "seeder/posts/index_2.jpg", "created": "2022-06-03T11:37:33.017", "updated": "2022-06-03T11:37:33.170"}}, {"model": "mainapp.post", "pk": 15, "fields": {"topic": "Постоянный количественный рост", "annotation": "Не следует, однако забывать, что дальнейшее развитие различных форм деятельности способствует подготовки и реализации форм развития.", "article": "<p><em>Если у вас есть какие то интересные предложения, обращайтесь! Студия Web-Boss всегда готова решить любую задачу. Если у вас есть какие то интересные предложения, обращайтесь! Студия Web-Boss всегда готова решить любую задачу. Идейные соображения высшего порядка, а также рамки и место обучения кадров обеспечивает широкому кругу (специалистов) участие в формировании новых предложений.</em></p>\n\n<div><img alt=\"\" class=\"img-fluid\" src=\"/media/seeder/post_7.jpg\" style=\"height:400px\" title=\"главное изображение\" /></div>\n\n<p>&nbsp;</p>\n\n<h3>Идейные соображения</h3>\n\n<p>Повседневная практика показывает, что реализация намеченных плановых заданий в значительной степени обуславливает создание модели развития. Идейные соображения высшего порядка, а также начало повседневной работы по формированию позиции позволяет оценить значение модели развития.</p>\n\n<p>С другой стороны постоянное информационно-пропагандистское обеспечение нашей деятельности обеспечивает широкому кругу (специалистов) участие в формировании позиций, занимаемых участниками в отношении поставленных задач. . Товарищи! сложившаяся структура организации представляет собой интересный эксперимент проверки направлений прогрессивного развития.</p>\n\n<p>Идейные соображения высшего порядка, а также начало повседневной работы по формированию позиции позволяет оценить значение модели развития. С другой стороны рамки и место обучения кадров способствует подготовки и реализации модели развития. С другой стороны рамки и место обучения кадров способствует подготовки и реализации модели развития.</p>\n\n<p>Товарищи! постоянное информационно-пропагандистское обеспечение нашей деятельности позволяет выполнять важные задания по разработке модели развития. Идейные соображения высшего порядка, а также укрепление и развитие структуры играет важную роль в формировании существенных финансовых и административных условий.</p>\n\n<h3>Консультация с широким активом</h3>\n\n<p>Таким образом новая модель организационной деятельности способствует подготовки и реализации систем массового участия. Равным образом консультация с широким активом требуют определения и уточнения модели развития. Равным образом консультация с широким активом требуют определения и уточнения модели развития.</p>\n\n<p>Товарищи! постоянное информационно-пропагандистское обеспечение нашей деятельности позволяет выполнять важные задания по разработке модели развития. . Равным образом консультация с широким активом требуют определения и уточнения модели развития. Таким образом новая модель организационной деятельности способствует подготовки и реализации систем массового участия.</p>\n\n<p>Идейные соображения высшего порядка, а также рамки и место обучения кадров обеспечивает широкому кругу (специалистов) участие в формировании новых предложений. Значимость этих проблем настолько очевидна, что консультация с широким активом играет важную роль в формировании новых предложений.</p>\n\n<p>Равным образом постоянный количественный рост и сфера нашей активности играет важную роль в формировании системы обучения кадров, соответствует насущным потребностям. Идейные соображения высшего порядка, а также начало повседневной работы по формированию позиции позволяет оценить значение модели развития.</p>\n\n<p>Товарищи! постоянное информационно-пропагандистское обеспечение нашей деятельности позволяет выполнять важные задания по разработке модели развития. Не следует, однако забывать, что дальнейшее развитие различных форм деятельности способствует подготовки и реализации форм развития.</p>\n", "category": 1, "status": 2, "author": 11, "image": "seeder/posts/index_12.jpg", "created": "2022-06-03T11:37:33.364", "updated": "2022-06-03T11:37:33.550"}}, {"model": "authapp.writeruser", "pk": 1, "fields": {"password": "pbkdf2_sha256$260000$pgvITXSV4Rhe58r0bm6hD9$4HO0NqedsK4wwtNuzyp3vzz4Rahy9o/HdxCX1L3X8A4=", "last_login": null, "is_superuser": true, "username": "admin", "first_name": "Иван", "last_name": "Птичкин", "is_staff": true, "is_active": true, "date_joined": "2022-06-03T11:37:16.812", "avatar": "", "email": "admin@example.com", "birthday": null, "activation_key": "", "activation_key_expires": "2022-06-05T11:37:16.696", "groups": [], "user_permissions": []}}, {"model": "authapp.writeruser", "pk": 2, "fields": {"password": "pbkdf2_sha256$260000$mf4UENuxlZ1V9GpYcIxOhh$3Mr59wZm9b0xWLOQQ/Drm8lQhS3iObW4ua6k3fjImt4=", "last_login": null, "is_superuser": false, "username": "user_1", "first_name": "Олег", "last_name": "Белов", "is_staff": false, "is_active": true, "date_joined": "2022-06-03T11:37:17.413", "avatar": "seeder/users/m_1.webp", "email": "test_1@example.local", "birthday": null, "activation_key": "", "activation_key_expires": "2022-06-05T11:37:16.696", "groups": [], "user_permissions": []}}, {"model": "authapp.writeruser", "pk": 3, "fields": {"password": "pbkdf2_sha256$260000$IsoddRqwRHSy3UjuwhndBr$SNtqMdk8nKfOTYL8C8eNS/UWcHiM8r1hDK2Us2V+zkY=", "last_login": null, "is_superuser": false, "username": "user_2", "first_name": "Юлия", "last_name": "Кочетова", "is_staff": false, "is_active": true, "date_joined": "2022-06-03T11:37:18.299", "avatar": "seeder/users/f_1.webp", "email": "test_2@example.local", "birthday": null, "activation_key": "", "activation_key_expires": "2022-06-05T11:37:16.696", "groups": [], "user_permissions": []}}, {"model": "authapp.writeruser", "pk": 4, "fields": {"password": "pbkdf2_sha256$260000$dNcjjwzQxL3UNwStxDa2Q0$DmgnaE2IrpcMLHMd9SaSnukfmbQGKGLPiW3H24WE4sg=", "last_login": null, "is_superuser": false, "username": "user_3", "first_name": "Алина", "last_name": "Полякова", "is_staff": false, "is_active": true, "date_joined": "2022-06-03T11:37:19.116", "avatar": "seeder/users/f_2.webp", "email": "test_3@example.local", "birthday": null, "activation_key": "", "activation_key_expires": "2022-06-05T11:37:16.696", "groups": [], "user_permissions": []}}, {"model": "authapp.writeruser", "pk": 5, "fields": {"password": "pbkdf2_sha256$260000$vbNigxsYa7EZH25iwVMvOP$LpYjbjFLLVAgWvayP+6Nkpu67gO3GIN3SOx4HF8d7Ws=", "last_login": null, "is_superuser": false, "username": "user_4", "first_name": "Лев", "last_name": "Абрамов", "is_staff": true, "is_active": true, "date_joined": "2022-06-03T11:37:20.003", "avatar": "seeder/users/m_2.webp", "email": "andreadotson@uniworld.com", "birthday": null, "activation_key": "", "activation_key_expires": "2022-06-05T11:37:16.696", "groups": [], "user_permissions": []}}, {"model": "authapp.writeruser", "pk": 6, "fields": {"password": "pbkdf2_sha256$260000$VLXJRs3QQq2NXR9Qla9znj$hX6/7GmOGlHs860dDcd/fT/ss7LRa9LU6nkGbheYwSg=", "last_login": null, "is_superuser": false, "username": "user_5", "first_name": "Арсений", "last_name": "Попов", "is_staff": false, "is_active": true, "date_joined": "2022-06-03T11:37:20.854", "avatar": "seeder/users/m_3.webp", "email": "flynndecker@uniworld.com", "birthday": null, "activation_key": "", "activation_key_expires": "2022-06-05T11:37:16.696", "groups": [], "user_permissions": []}}, {"model": "authapp.writeruser", "pk": 7, "fields": {"password": "pbkdf2_sha256$260000$MzKdNnhOSZgh055yEWRGkN$AsG19faskjMLg7ETYr3Xpfprob15Vo6D+BRe8phk4cQ=", "last_login": null, "is_superuser": false, "username": "user_6", "first_name": "София", "last_name": "Фомина", "is_staff": true, "is_active": true, "date_joined": "2022-06-03T11:37:21.760", "avatar": "seeder/users/f_3.webp", "email": "barlowayers@uniworld.com", "birthday": null, "activation_key": "", "activation_key_expires": "2022-06-05T11:37:16.696", "groups": [], "user_permissions": []}}, {"model": "authapp.writeruser", "pk": 8, "fields": {"password": "pbkdf2_sha256$260000$ZhSRf9GMYb2PLBWKEhvZu7$AT4uRfzO4LoxxvSsUoO+svu1xTsiTQM1latuPdEDDis=", "last_login": null, "is_superuser": false, "username": "user_7", "first_name": "Елизавета", "last_name": "Анисимова", "is_staff": false, "is_active": true, "date_joined": "2022-06-03T11:37:22.577", "avatar": "seeder/users/f_4.webp", "email": "sherribentley@uniworld.com", "birthday": null, "activation_key": "", "activation_key_expires": "2022-06-05T11:37:16.696", "groups": [], "user_permissions": []}}, {"model": "authapp.writeruser", "pk": 9, "fields": {"password": "pbkdf2_sha256$260000$VzExlw7HVtm8l3dZWMWbFn$lUbxFBsJABc5LL7XTRDkwqXGDrw7dIfUVLs+CV0pkZQ=", "last_login": null, "is_superuser": false, "username": "user_8", "first_name": "Арина", "last_name": "Богомолова", "is_staff": false, "is_active": true, "date_joined": "2022-06-03T11:37:23.410", "avatar": "seeder/users/f_5.webp", "email": "patricabooth@uniworld.com", "birthday": null, "activation_key": "", "activation_key_expires": "2022-06-05T11:37:16.696", "groups": [], "user_permissions": []}}, {"model": "authapp.writeruser", "pk": 10, "fields": {"password": "pbkdf2_sha256$260000$DLDRzjMfe1TYFprDOqfCUa$i7Vur9orzUO55QgZYPhKD/r5LHnNZuNvcjh3lcS+A2I=", "last_login": null, "is_superuser": false, "username": "user_9", "first_name": "Анастасия", "last_name": "Гончарова", "is_staff": false, "is_active": true, "date_joined": "2022-06-03T11:37:24.316", "avatar": "seeder/users/f_6.webp", "email": "harrismanning@uniworld.com", "birthday": null, "activation_key": "", "activation_key_expires": "2022-06-05T11:37:16.696", "groups": [], "user_permissions": []}}, {"model": "authapp.writeruser", "pk": 11, "fields": {"password": "pbkdf2_sha256$260000$oRGqRyYI2DadiPTuqymju0$vbyqf3lL9iLof25B8xG/QLsSCigzgt3L0lEgyNiWni0=", "last_login": null, "is_superuser": false, "username": "user_10", "first_name": "Михаил", "last_name": "Лукьянов", "is_staff": true, "is_active": true, "date_joined": "2022-06-03T11:37:25.168", "avatar": "seeder/users/m_4.webp", "email": "kateglass@uniworld.com", "birthday": null, "activation_key": "", "activation_key_expires": "2022-06-05T11:37:16.696", "groups": [], "user_permissions": []}}, {"model": "authapp.writeruserprofile", "pk": 1, "fields": {"user": 1, "gender": "", "country": "", "tagline": "", "about_me": ""}}, {"model": "authapp.writeruserprofile", "pk": 2, "fields": {"user": 2, "gender": "", "country": "", "tagline": "", "about_me": ""}}, {"model": "authapp.writeruserprofile", "pk": 3, "fields": {"user": 3, "gender": "", "country": "", "tagline": "", "about_me": ""}}, {"model": "authapp.writeruserprofile", "pk": 4, "fields": {"user": 4, "gender": "", "country": "", "tagline": "", "about_me": ""}}, {"model": "authapp.writeruserprofile", "pk": 5, "fields": {"user": 5, "gender": "", "country": "", "tagline": "", "about_me": ""}}, {"model": "authapp.writeruserprofile", "pk": 6, "fields": {"user": 6, "gender": "", "country": "", "tagline": "", "about_me": ""}}, {"model": "authapp.writeruserprofile", "pk": 7, "fields": {"user": 7, "gender": "", "country": "", "tagline": "", "about_me": ""}}, {"model": "authapp.writeruserprofile", "pk": 8, "fields": {"user": 8, "gender": "", "country": "", "tagline": "", "about_me": ""}}, {"model": "authapp.writeruserprofile", "pk": 9, "fields": {"user": 9, "gender": "", "country": "", "tagline": "", "about_me": ""}}, {"model": "authapp.writeruserprofile", "pk": 10, "fields": {"user": 10, "gender": "", "country": "", "tagline": "", "about_me": ""}}, {"model": "authapp.writeruserprofile", "pk": 11, "fields": {"user": 11, "gender": "", "country": "", "tagline": "", "about_me": ""}}, {"model": "accountapp.bookmark", "pk": 1, "fields": {"content_type": 8, "object_id": 12, "author": 1, "created": "2022-06-03T11:37:39.255", "updated": "2022-06-03T11:37:39.255"}}, {"model": "accountapp.bookmark", "pk": 2, "fields": {"content_type": 8, "object_id": 10, "author": 1, "created": "2022-06-03T11:37:39.255", "updated": "2022-06-03T11:37:39.255"}}, {"model": "accountapp.bookmark", "pk": 3, "fields": {"content_type": 8, "object_id": 9, "author": 1, "created": "2022-06-03T11:37:39.255", "updated": "2022-06-03T11:37:39.255"}}, {"model": "accountapp.bookmark", "pk": 4, "fields": {"content_type": 8, "object_id": 7, "author": 1, "created": "2022-06-03T11:37:39.255", "updated": "2022-06-03T11:37:39.255"}}, {"model": "accountapp.bookmark", "pk": 5, "fields": {"content_type": 8, "object_id": 6, "author": 1, "created": "2022-06-03T11:37:39.255", "updated": "2022-06-03T11:37:39.255"}}, {"model": "accountapp.bookmark", "pk": 6, "fields": {"content_type": 8, "object_id": 3, "author": 1, "created": "2022-06-03T11:37:39.255", "updated": "2022-06-03T11:37:39.255"}}, {"model": "accountapp.bookmark", "pk": 7, "fields": {"content_type": 10, "object_id": 1, "author": 1, "created": "2022-06-03T11:37:39.255", "updated": "2022-06-03T11:37:39.255"}}, {"model": "accountapp.bookmark", "pk": 8, "fields": {"content_type": 10, "object_id": 2, "author": 1, "created": "2022-06-03T11:37:39.255", "updated": "2022-06-03T11:37:39.255"}}, {"model": "accountapp.bookmark", "pk": 9, "fields": {"content_type": 10, "object_id": 4, "author": 1, "created": "2022-06-03T11:37:39.255", "updated": "2022-06-03T11:37:39.255"}}, {"model": "accountapp.bookmark", "pk": 10, "fields": {"content_type": 10, "object_id": 5, "author": 1, "created": "2022-06-03T11:37:39.255", "updated": "2022-06-03T11:37:39.255"}}, {"model": "accountapp.bookmark", "pk": 11, "fields": {"content_type": 10, "object_id": 6, "author": 1, "created": "2022-06-03T11:37:39.255", "updated": "2022-06-03T11:37:39.255"}}, {"model": "accountapp.bookmark", "pk": 12, "fields": {"content_type": 10, "object_id": 10, "author": 1, "created": "2022-06-03T11:37:39.255", "updated": "2022-06-03T11:37:39.255"}}, {"model": "accountapp.bookmark", "pk": 13, "fields": {"content_type": 10, "object_id": 12, "author": 1, "created": "2022-06-03T11:37:39.255", "updated": "2022-06-03T11:37:39.255"}}, {"model": "accountapp.bookmark", "pk": 14, "fields": {"content_type": 10, "object_id": 15, "author": 1, "created": "2022-06-03T11:37:39.255", "updated": "2022-06-03T11:37:39.255"}}, {"model": "accountapp.bookmark", "pk": 15, "fields": {"content_type": 10, "object_id": 16, "author": 1, "created": "2022-06-03T11:37:39.255", "updated": "2022-06-03T11:37:39.255"}}, {"model": "accountapp.bookmark", "pk": 16, "fields": {"content_type": 10, "object_id": 17, "author": 1, "created": "2022-06-03T11:37:39.255", "updated": "2022-06-03T11:37:39.255"}}, {"model": "accountapp.bookmark", "pk": 17, "fields": {"content_type": 10, "object_id": 18, "author": 1, "created": "2022-06-03T11:37:39.255", "updated": "2022-06-03T11:37:39.255"}}, {"model": "accountapp.bookmark", "pk": 18, "fields": {"content_type": 8, "object_id": 15, "author": 2, "created": "2022-06-03T11:37:39.255", "updated": "2022-06-03T11:37:39.255"}}, {"model": "accountapp.bookmark", "pk": 19, "fields": {"content_type": 8, "object_id": 13, "author": 2, "created": "2022-06-03T11:37:39.255", "updated": "2022-06-03T11:37:39.255"}}, {"model": "accountapp.bookmark", "pk": 20, "fields": {"content_type": 8, "object_id": 11, "author": 2, "created": "2022-06-03T11:37:39.255", "updated": "2022-06-03T11:37:39.255"}}, {"model": "accountapp.bookmark", "pk": 21, "fields": {"content_type": 8, "object_id": 9, "author": 2, "created": "2022-06-03T11:37:39.255", "updated": "2022-06-03T11:37:39.255"}}, {"model": "accountapp.bookmark", "pk": 22, "fields": {"content_type": 8, "object_id": 7, "author": 2, "created": "2022-06-03T11:37:39.255", "updated": "2022-06-03T11:37:39.255"}}, {"model": "accountapp.bookmark", "pk": 23, "fields": {"content_type": 8, "object_id": 6, "author": 2, "created": "2022-06-03T11:37:39.255", "updated": "2022-06-03T11:37:39.255"}}, {"model": "accountapp.bookmark", "pk": 24, "fields": {"content_type": 8, "object_id": 5, "author": 2, "created": "2022-06-03T11:37:39.255", "updated": "2022-06-03T11:37:39.255"}}, {"model": "accountapp.bookmark", "pk": 25, "fields": {"content_type": 8, "object_id": 4, "author": 2, "created": "2022-06-03T11:37:39.255", "updated": "2022-06-03T11:37:39.255"}}, {"model": "accountapp.bookmark", "pk": 26, "fields": {"content_type": 8, "object_id": 1, "author": 2, "created": "2022-06-03T11:37:39.255", "updated": "2022-06-03T11:37:39.255"}}, {"model": "accountapp.bookmark", "pk": 27, "fields": {"content_type": 10, "object_id": 1, "author": 2, "created": "2022-06-03T11:37:39.255", "updated": "2022-06-03T11:37:39.255"}}, {"model": "accountapp.bookmark", "pk": 28, "fields": {"content_type": 10, "object_id": 2, "author": 2, "created": "2022-06-03T11:37:39.255", "updated": "2022-06-03T11:37:39.255"}}, {"model": "accountapp.bookmark", "pk": 29, "fields": {"content_type": 10, "object_id": 4, "author": 2, "created": "2022-06-03T11:37:39.255", "updated": "2022-06-03T11:37:39.255"}}, {"model": "accountapp.bookmark", "pk": 30, "fields": {"content_type": 10, "object_id": 8, "author": 2, "created": "2022-06-03T11:37:39.255", "updated": "2022-06-03T11:37:39.255"}}, {"model": "accountapp.bookmark", "pk": 31, "fields": {"content_type": 10, "object_id": 10, "author": 2, "created": "2022-06-03T11:37:39.255", "updated": "2022-06-03T11:37:39.255"}}, {"model": "accountapp.bookmark", "pk": 32, "fields": {"content_type": 10, "object_id": 11, "author": 2, "created": "2022-06-03T11:37:39.255", "updated": "2022-06-03T11:37:39.255"}}, {"model": "accountapp.bookmark", "pk": 33, "fields": {"content_type": 10, "object_id": 12, "author": 2, "created": "2022-06-03T11:37:39.255", "updated": "2022-06-03T11:37:39.255"}}, {"model": "accountapp.bookmark", "pk": 34, "fields": {"content_type": 10, "object_id": 13, "author": 2, "created": "2022-06-03T11:37:39.255", "updated": "2022-06-03T11:37:39.255"}}, {"model": "accountapp.bookmark", "pk": 35, "fields": {"content_type": 10, "object_id": 14, "author": 2, "created": "2022-06-03T11:37:39.255", "updated": "2022-06-03T11:37:39.255"}}, {"model": "accountapp.bookmark", "pk": 36, "fields": {"content_type": 8, "object_id": 14, "author": 3, "created": "2022-06-03T11:37:39.255", "updated": "2022-06-03T11:37:39.255"}}, {"model": "accountapp.bookmark", "pk": 37, "fields": {"content_type": 8, "object_id": 8, "author": 3, "created": "2022-06-03T11:37:39.255", "updated": "2022-06-03T11:37:39.255"}}, {"model": "accountapp.bookmark", "pk": 38, "fields": {"content_type": 8, "object_id": 7, "author": 3, "created": "2022-06-03T11:37:39.255", "updated": "2022-06-03T11:37:39.255"}}, {"model": "accountapp.bookmark", "pk": 39, "fields": {"content_type": 8, "object_id": 3, "author": 3, "created": "2022-06-03T11:37:39.255", "updated": "2022-06-03T11:37:39.255"}}, {"model": "accountapp.bookmark", "pk": 40, "fields": {"content_type": 8, "object_id": 1, "author": 3, "created": "2022-06-03T11:37:39.255", "updated": "2022-06-03T11:37:39.255"}}, {"model": "accountapp.bookmark", "pk": 41, "fields": {"content_type": 10, "object_id": 1, "author": 3, "created": "2022-06-03T11:37:39.255", "updated": "2022-06-03T11:37:39.255"}}, {"model": "accountapp.bookmark", "pk": 42, "fields": {"content_type": 10, "object_id": 4, "author": 3, "created": "2022-06-03T11:37:39.255", "updated": "2022-06-03T11:37:39.255"}}, {"model": "accountapp.bookmark", "pk": 43, "fields": {"content_type": 10, "object_id": 10, "author": 3, "created": "2022-06-03T11:37:39.255", "updated": "2022-06-03T11:37:39.255"}}, {"model": "accountapp.bookmark", "pk": 44, "fields": {"content_type": 10, "object_id": 11, "author": 3, "created": "2022-06-03T11:37:39.255", "updated": "2022-06-03T11:37:39.255"}}, {"model": "accountapp.bookmark", "pk": 45, "fields": {"content_type": 10, "object_id": 14, "author": 3, "created": "2022-06-03T11:37:39.255", "updated": "2022-06-03T11:37:39.255"}}, {"model": "accountapp.bookmark", "pk": 46, "fields": {"content_type": 10, "object_id": 19, "author": 3, "created": "2022-06-03T11:37:39.255", "updated": "2022-06-03T11:37:39.255"}}, {"model": "accountapp.bookmark", "pk": 47, "fields": {"content_type": 8, "object_id": 8, "author": 4, "created": "2022-06-03T11:37:39.255", "updated": "2022-06-03T11:37:39.255"}}, {"model": "accountapp.bookmark", "pk": 48, "fields": {"content_type": 8, "object_id": 4, "author": 4, "created": "2022-06-03T11:37:39.255", "updated": "2022-06-03T11:37:39.255"}}, {"model": "accountapp.bookmark", "pk": 49, "fields": {"content_type": 8, "object_id": 1, "author": 4, "created": "2022-06-03T11:37:39.255", "updated": "2022-06-03T11:37:39.255"}}, {"model": "accountapp.bookmark", "pk": 50, "fields": {"content_type": 10, "object_id": 2, "author": 4, "created": "2022-06-03T11:37:39.255", "updated": "2022-06-03T11:37:39.255"}}, {"model": "accountapp.bookmark", "pk": 51, "fields": {"content_type": 10, "object_id": 4, "author": 4, "created": "2022-06-03T11:37:39.255", "updated": "2022-06-03T11:37:39.255"}}, {"model": "accountapp.bookmark", "pk": 52, "fields": {"content_type": 10, "object_id": 10, "author": 4, "created": "2022-06-03T11:37:39.255", "updated": "2022-06-03T11:37:39.255"}}, {"model": "accountapp.bookmark", "pk": 53, "fields": {"content_type": 10, "object_id": 15, "author": 4, "created": "2022-06-03T11:37:39.255", "updated": "2022-06-03T11:37:39.255"}}, {"model": "accountapp.bookmark", "pk": 54, "fields": {"content_type": 10, "object_id": 17, "author": 4, "created": "2022-06-03T11:37:39.255", "updated": "2022-06-03T11:37:39.255"}}, {"model": "accountapp.bookmark", "pk": 55, "fields": {"content_type": 8, "object_id": 15, "author": 5, "created": "2022-06-03T11:37:39.255", "updated": "2022-06-03T11:37:39.255"}}, {"model": "accountapp.bookmark", "pk": 56, "fields": {"content_type": 8, "object_id": 13, "author": 5, "created": "2022-06-03T11:37:39.255", "updated": "2022-06-03T11:37:39.255"}}, {"model": "accountapp.bookmark", "pk": 57, "fields": {"content_type": 8, "object_id": 12, "author": 5, "created": "2022-06-03T11:37:39.255", "updated": "2022-06-03T11:37:39.255"}}, {"model": "accountapp.bookmark", "pk": 58, "fields": {"content_type": 8, "object_id": 8, "author": 5, "created": "2022-06-03T11:37:39.255", "updated": "2022-06-03T11:37:39.255"}}, {"model": "accountapp.bookmark", "pk": 59, "fields": {"content_type": 8, "object_id": 7, "author": 5, "created": "2022-06-03T11:37:39.255", "updated": "2022-06-03T11:37:39.255"}}, {"model": "accountapp.bookmark", "pk": 60, "fields": {"content_type": 8, "object_id": 6, "author": 5, "created": "2022-06-03T11:37:39.255", "updated": "2022-06-03T11:37:39.255"}}, {"model": "accountapp.bookmark", "pk": 61, "fields": {"content_type": 8, "object_id": 1, "author": 5, "created": "2022-06-03T11:37:39.255", "updated": "2022-06-03T11:37:39.255"}}, {"model": "accountapp.bookmark", "pk": 62, "fields": {"content_type": 10, "object_id": 1, "author": 5, "created": "2022-06-03T11:37:39.255", "updated": "2022-06-03T11:37:39.255"}}, {"model": "accountapp.bookmark", "pk": 63, "fields": {"content_type": 10, "object_id": 2, "author": 5, "created": "2022-06-03T11:37:39.255", "updated": "2022-06-03T11:37:39.255"}}, {"model": "accountapp.bookmark", "pk": 64, "fields": {"content_type": 10, "object_id": 3, "author": 5, "created": "2022-06-03T11:37:39.255", "updated": "2022-06-03T11:37:39.255"}}, {"model": "accountapp.bookmark", "pk": 65, "fields": {"content_type": 10, "object_id": 7, "author": 5, "created": "2022-06-03T11:37:39.255", "updated": "2022-06-03T11:37:39.255"}}, {"model": "accountapp.bookmark", "pk": 66, "fields": {"content_type": 10, "object_id": 8, "author": 5, "created": "2022-06-03T11:37:39.255", "updated": "2022-06-03T11:37:39.255"}}, {"model": "accountapp.bookmark", "pk": 67, "fields": {"content_type": 10, "object_id": 9, "author": 5, "created": "2022-06-03T11:37:39.255", "updated": "2022-06-03T11:37:39.255"}}, {"model": "accountapp.bookmark", "pk": 68, "fields": {"content_type": 10, "object_id": 10, "author": 5, "created": "2022-06-03T11:37:39.255", "updated": "2022-06-03T11:37:39.255"}}, {"model": "accountapp.bookmark", "pk": 69, "fields": {"content_type": 10, "object_id": 11, "author": 5, "created": "2022-06-03T11:37:39.255", "updated": "2022-06-03T11:37:39.255"}}, {"model": "accountapp.bookmark", "pk": 70, "fields": {"content_type": 10, "object_id": 12, "author": 5, "created": "2022-06-03T11:37:39.255", "updated": "2022-06-03T11:37:39.255"}}, {"model": "accountapp.bookmark", "pk": 71, "fields": {"content_type": 10, "object_id": 13, "author": 5, "created": "2022-06-03T11:37:39.255", "updated": "2022-06-03T11:37:39.255"}}, {"model": "accountapp.bookmark", "pk": 72, "fields": {"content_type": 10, "object_id": 14, "author": 5, "created": "2022-06-03T11:37:39.255", "updated": "2022-06-03T11:37:39.255"}}, {"model": "accountapp.bookmark", "pk": 73, "fields": {"content_type": 10, "object_id": 15, "author": 5, "created": "2022-06-03T11:37:39.255", "updated": "2022-06-03T11:37:39.255"}}, {"model": "accountapp.bookmark", "pk": 74, "fields": {"content_type": 10, "object_id": 17, "author": 5, "created": "2022-06-03T11:37:39.255", "updated": "2022-06-03T11:37:39.255"}}, {"model": "accountapp.bookmark", "pk": 75, "fields": {"content_type": 10, "object_id": 18, "author": 5, "created": "2022-06-03T11:37:39.255", "updated": "2022-06-03T11:37:39.255"}}, {"model": "accountapp.bookmark", "pk": 76, "fields": {"content_type": 10, "object_id": 19, "author": 5, "created": "2022-06-03T11:37:39.255", "updated": "2022-06-03T11:37:39.255"}}, {"model": "accountapp.bookmark", "pk": 77, "fields": {"content_type": 8, "object_id": 14, "author": 6, "created": "2022-06-03T11:37:39.255", "updated": "2022-06-03T11:37:39.255"}}, {"model": "accountapp.bookmark", "pk": 78, "fields": {"content_type": 8, "object_id": 12, "author": 6, "created": "2022-06-03T11:37:39.255", "updated": "2022-06-03T11:37:39.255"}}, {"model": "accountapp.bookmark", "pk": 79, "fields": {"content_type": 8, "object_id": 8, "author": 6, "created": "2022-06-03T11:37:39.255", "updated": "2022-06-03T11:37:39.255"}}, {"model": "accountapp.bookmark", "pk": 80, "fields": {"content_type": 8, "object_id": 6, "author": 6, "created": "2022-06-03T11:37:39.255", "updated": "2022-06-03T11:37:39.255"}}, {"model": "accountapp.bookmark", "pk": 81, "fields": {"content_type": 8, "object_id": 5, "author": 6, "created": "2022-06-03T11:37:39.255", "updated": "2022-06-03T11:37:39.255"}}, {"model": "accountapp.bookmark", "pk": 82, "fields": {"content_type": 8, "object_id": 2, "author": 6, "created": "2022-06-03T11:37:39.255", "updated": "2022-06-03T11:37:39.255"}}, {"model": "accountapp.bookmark", "pk": 83, "fields": {"content_type": 10, "object_id": 1, "author": 6, "created": "2022-06-03T11:37:39.255", "updated": "2022-06-03T11:37:39.255"}}, {"model": "accountapp.bookmark", "pk": 84, "fields": {"content_type": 10, "object_id": 2, "author": 6, "created": "2022-06-03T11:37:39.255", "updated": "2022-06-03T11:37:39.255"}}, {"model": "accountapp.bookmark", "pk": 85, "fields": {"content_type": 10, "object_id": 5, "author": 6, "created": "2022-06-03T11:37:39.255", "updated": "2022-06-03T11:37:39.255"}}, {"model": "accountapp.bookmark", "pk": 86, "fields": {"content_type": 10, "object_id": 6, "author": 6, "created": "2022-06-03T11:37:39.255", "updated": "2022-06-03T11:37:39.255"}}, {"model": "accountapp.bookmark", "pk": 87, "fields": {"content_type": 10, "object_id": 7, "author": 6, "created": "2022-06-03T11:37:39.255", "updated": "2022-06-03T11:37:39.255"}}, {"model": "accountapp.bookmark", "pk": 88, "fields": {"content_type": 10, "object_id": 8, "author": 6, "created": "2022-06-03T11:37:39.255", "updated": "2022-06-03T11:37:39.255"}}, {"model": "accountapp.bookmark", "pk": 89, "fields": {"content_type": 10, "object_id": 9, "author": 6, "created": "2022-06-03T11:37:39.255", "updated": "2022-06-03T11:37:39.255"}}, {"model": "accountapp.bookmark", "pk": 90, "fields": {"content_type": 10, "object_id": 10, "author": 6, "created": "2022-06-03T11:37:39.255", "updated": "2022-06-03T11:37:39.255"}}, {"model": "accountapp.bookmark", "pk": 91, "fields": {"content_type": 10, "object_id": 12, "author": 6, "created": "2022-06-03T11:37:39.255", "updated": "2022-06-03T11:37:39.255"}}, {"model": "accountapp.bookmark", "pk": 92, "fields": {"content_type": 10, "object_id": 14, "author": 6, "created": "2022-06-03T11:37:39.255", "updated": "2022-06-03T11:37:39.255"}}, {"model": "accountapp.bookmark", "pk": 93, "fields": {"content_type": 10, "object_id": 15, "author": 6, "created": "2022-06-03T11:37:39.255", "updated": "2022-06-03T11:37:39.255"}}, {"model": "accountapp.bookmark", "pk": 94, "fields": {"content_type": 10, "object_id": 17, "author": 6, "created": "2022-06-03T11:37:39.255", "updated": "2022-06-03T11:37:39.255"}}, {"model": "accountapp.bookmark", "pk": 95, "fields": {"content_type": 8, "object_id": 15, "author": 7, "created": "2022-06-03T11:37:39.255", "updated": "2022-06-03T11:37:39.255"}}, {"model": "accountapp.bookmark", "pk": 96, "fields": {"content_type": 8, "object_id": 14, "author": 7, "created": "2022-06-03T11:37:39.255", "updated": "2022-06-03T11:37:39.255"}}, {"model": "accountapp.bookmark", "pk": 97, "fields": {"content_type": 8, "object_id": 11, "author": 7, "created": "2022-06-03T11:37:39.255", "updated": "2022-06-03T11:37:39.255"}}, {"model": "accountapp.bookmark", "pk": 98, "fields": {"content_type": 8, "object_id": 9, "author": 7, "created": "2022-06-03T11:37:39.255", "updated": "2022-06-03T11:37:39.255"}}, {"model": "accountapp.bookmark", "pk": 99, "fields": {"content_type": 8, "object_id": 5, "author": 7, "created": "2022-06-03T11:37:39.255", "updated": "2022-06-03T11:37:39.255"}}, {"model": "accountapp.bookmark", "pk": 100, "fields": {"content_type": 8, "object_id": 2, "author": 7, "created": "2022-06-03T11:37:39.255", "updated": "2022-06-03T11:37:39.255"}}, {"model": "accountapp.bookmark", "pk": 101, "fields": {"content_type": 10, "object_id": 5, "author": 7, "created": "2022-06-03T11:37:39.255", "updated": "2022-06-03T11:37:39.255"}}, {"model": "accountapp.bookmark", "pk": 102, "fields": {"content_type": 10, "object_id": 6, "author": 7, "created": "2022-06-03T11:37:39.255", "updated": "2022-06-03T11:37:39.255"}}, {"model": "accountapp.bookmark", "pk": 103, "fields": {"content_type": 10, "object_id": 7, "author": 7, "created": "2022-06-03T11:37:39.255", "updated": "2022-06-03T11:37:39.255"}}, {"model": "accountapp.bookmark", "pk": 104, "fields": {"content_type": 10, "object_id": 13, "author": 7, "created": "2022-06-03T11:37:39.255", "updated": "2022-06-03T11:37:39.255"}}, {"model": "accountapp.bookmark", "pk": 105, "fields": {"content_type": 10, "object_id": 16, "author": 7, "created": "2022-06-03T11:37:39.255", "updated": "2022-06-03T11:37:39.255"}}, {"model": "accountapp.bookmark", "pk": 106, "fields": {"content_type": 8, "object_id": 14, "author": 8, "created": "2022-06-03T11:37:39.255", "updated": "2022-06-03T11:37:39.255"}}, {"model": "accountapp.bookmark", "pk": 107, "fields": {"content_type": 8, "object_id": 13, "author": 8, "created": "2022-06-03T11:37:39.255", "updated": "2022-06-03T11:37:39.255"}}, {"model": "accountapp.bookmark", "pk": 108, "fields": {"content_type": 8, "object_id": 12, "author": 8, "created": "2022-06-03T11:37:39.255", "updated": "2022-06-03T11:37:39.255"}}, {"model": "accountapp.bookmark", "pk": 109, "fields": {"content_type": 8, "object_id": 11, "author": 8, "created": "2022-06-03T11:37:39.255", "updated": "2022-06-03T11:37:39.255"}}, {"model": "accountapp.bookmark", "pk": 110, "fields": {"content_type": 8, "object_id": 9, "author": 8, "created": "2022-06-03T11:37:39.271", "updated": "2022-06-03T11:37:39.271"}}, {"model": "accountapp.bookmark", "pk": 111, "fields": {"content_type": 8, "object_id": 7, "author": 8, "created": "2022-06-03T11:37:39.271", "updated": "2022-06-03T11:37:39.271"}}, {"model": "accountapp.bookmark", "pk": 112, "fields": {"content_type": 8, "object_id": 5, "author": 8, "created": "2022-06-03T11:37:39.271", "updated": "2022-06-03T11:37:39.271"}}, {"model": "accountapp.bookmark", "pk": 113, "fields": {"content_type": 8, "object_id": 3, "author": 8, "created": "2022-06-03T11:37:39.271", "updated": "2022-06-03T11:37:39.271"}}, {"model": "accountapp.bookmark", "pk": 114, "fields": {"content_type": 8, "object_id": 2, "author": 8, "created": "2022-06-03T11:37:39.271", "updated": "2022-06-03T11:37:39.271"}}, {"model": "accountapp.bookmark", "pk": 115, "fields": {"content_type": 10, "object_id": 2, "author": 8, "created": "2022-06-03T11:37:39.271", "updated": "2022-06-03T11:37:39.271"}}, {"model": "accountapp.bookmark", "pk": 116, "fields": {"content_type": 10, "object_id": 3, "author": 8, "created": "2022-06-03T11:37:39.271", "updated": "2022-06-03T11:37:39.271"}}, {"model": "accountapp.bookmark", "pk": 117, "fields": {"content_type": 10, "object_id": 6, "author": 8, "created": "2022-06-03T11:37:39.271", "updated": "2022-06-03T11:37:39.271"}}, {"model": "accountapp.bookmark", "pk": 118, "fields": {"content_type": 10, "object_id": 7, "author": 8, "created": "2022-06-03T11:37:39.271", "updated": "2022-06-03T11:37:39.271"}}, {"model": "accountapp.bookmark", "pk": 119, "fields": {"content_type": 10, "object_id": 11, "author": 8, "created": "2022-06-03T11:37:39.271", "updated": "2022-06-03T11:37:39.271"}}, {"model": "accountapp.bookmark", "pk": 120, "fields": {"content_type": 10, "object_id": 12, "author": 8, "created": "2022-06-03T11:37:39.271", "updated": "2022-06-03T11:37:39.271"}}, {"model": "accountapp.bookmark", "pk": 121, "fields": {"content_type": 10, "object_id": 13, "author": 8, "created": "2022-06-03T11:37:39.271", "updated": "2022-06-03T11:37:39.271"}}, {"model": "accountapp.bookmark", "pk": 122, "fields": {"content_type": 10, "object_id": 17, "author": 8, "created": "2022-06-03T11:37:39.271", "updated": "2022-06-03T11:37:39.271"}}, {"model": "accountapp.bookmark", "pk": 123, "fields": {"content_type": 10, "object_id": 18, "author": 8, "created": "2022-06-03T11:37:39.271", "updated": "2022-06-03T11:37:39.271"}}, {"model": "accountapp.bookmark", "pk": 124, "fields": {"content_type": 8, "object_id": 15, "author": 9, "created": "2022-06-03T11:37:39.271", "updated": "2022-06-03T11:37:39.271"}}, {"model": "accountapp.bookmark", "pk": 125, "fields": {"content_type": 8, "object_id": 11, "author": 9, "created": "2022-06-03T11:37:39.271", "updated": "2022-06-03T11:37:39.271"}}, {"model": "accountapp.bookmark", "pk": 126, "fields": {"content_type": 8, "object_id": 8, "author": 9, "created": "2022-06-03T11:37:39.271", "updated": "2022-06-03T11:37:39.271"}}, {"model": "accountapp.bookmark", "pk": 127, "fields": {"content_type": 8, "object_id": 5, "author": 9, "created": "2022-06-03T11:37:39.271", "updated": "2022-06-03T11:37:39.271"}}, {"model": "accountapp.bookmark", "pk": 128, "fields": {"content_type": 8, "object_id": 4, "author": 9, "created": "2022-06-03T11:37:39.271", "updated": "2022-06-03T11:37:39.271"}}, {"model": "accountapp.bookmark", "pk": 129, "fields": {"content_type": 8, "object_id": 3, "author": 9, "created": "2022-06-03T11:37:39.271", "updated": "2022-06-03T11:37:39.271"}}, {"model": "accountapp.bookmark", "pk": 130, "fields": {"content_type": 8, "object_id": 2, "author": 9, "created": "2022-06-03T11:37:39.271", "updated": "2022-06-03T11:37:39.271"}}, {"model": "accountapp.bookmark", "pk": 131, "fields": {"content_type": 8, "object_id": 1, "author": 9, "created": "2022-06-03T11:37:39.271", "updated": "2022-06-03T11:37:39.271"}}, {"model": "accountapp.bookmark", "pk": 132, "fields": {"content_type": 10, "object_id": 2, "author": 9, "created": "2022-06-03T11:37:39.271", "updated": "2022-06-03T11:37:39.271"}}, {"model": "accountapp.bookmark", "pk": 133, "fields": {"content_type": 10, "object_id": 3, "author": 9, "created": "2022-06-03T11:37:39.271", "updated": "2022-06-03T11:37:39.271"}}, {"model": "accountapp.bookmark", "pk": 134, "fields": {"content_type": 10, "object_id": 6, "author": 9, "created": "2022-06-03T11:37:39.271", "updated": "2022-06-03T11:37:39.271"}}, {"model": "accountapp.bookmark", "pk": 135, "fields": {"content_type": 10, "object_id": 7, "author": 9, "created": "2022-06-03T11:37:39.271", "updated": "2022-06-03T11:37:39.271"}}, {"model": "accountapp.bookmark", "pk": 136, "fields": {"content_type": 10, "object_id": 8, "author": 9, "created": "2022-06-03T11:37:39.271", "updated": "2022-06-03T11:37:39.271"}}, {"model": "accountapp.bookmark", "pk": 137, "fields": {"content_type": 10, "object_id": 10, "author": 9, "created": "2022-06-03T11:37:39.271", "updated": "2022-06-03T11:37:39.271"}}, {"model": "accountapp.bookmark", "pk": 138, "fields": {"content_type": 10, "object_id": 14, "author": 9, "created": "2022-06-03T11:37:39.271", "updated": "2022-06-03T11:37:39.271"}}, {"model": "accountapp.bookmark", "pk": 139, "fields": {"content_type": 10, "object_id": 15, "author": 9, "created": "2022-06-03T11:37:39.271", "updated": "2022-06-03T11:37:39.271"}}, {"model": "accountapp.bookmark", "pk": 140, "fields": {"content_type": 10, "object_id": 17, "author": 9, "created": "2022-06-03T11:37:39.271", "updated": "2022-06-03T11:37:39.271"}}, {"model": "accountapp.bookmark", "pk": 141, "fields": {"content_type": 10, "object_id": 18, "author": 9, "created": "2022-06-03T11:37:39.271", "updated": "2022-06-03T11:37:39.271"}}, {"model": "accountapp.bookmark", "pk": 142, "fields": {"content_type": 10, "object_id": 19, "author": 9, "created": "2022-06-03T11:37:39.271", "updated": "2022-06-03T11:37:39.271"}}, {"model": "accountapp.bookmark", "pk": 143, "fields": {"content_type": 8, "object_id": 15, "author": 10, "created": "2022-06-03T11:37:39.271", "updated": "2022-06-03T11:37:39.271"}}, {"model": "accountapp.bookmark", "pk": 144, "fields": {"content_type": 8, "object_id": 11, "author": 10, "created": "2022-06-03T11:37:39.271", "updated": "2022-06-03T11:37:39.271"}}, {"model": "accountapp.bookmark", "pk": 145, "fields": {"content_type": 8, "object_id": 10, "author": 10, "created": "2022-06-03T11:37:39.271", "updated": "2022-06-03T11:37:39.271"}}, {"model": "accountapp.bookmark", "pk": 146, "fields": {"content_type": 8, "object_id": 9, "author": 10, "created": "2022-06-03T11:37:39.271", "updated": "2022-06-03T11:37:39.271"}}, {"model": "accountapp.bookmark", "pk": 147, "fields": {"content_type": 8, "object_id": 6, "author": 10, "created": "2022-06-03T11:37:39.271", "updated": "2022-06-03T11:37:39.271"}}, {"model": "accountapp.bookmark", "pk": 148, "fields": {"content_type": 8, "object_id": 2, "author": 10, "created": "2022-06-03T11:37:39.271", "updated": "2022-06-03T11:37:39.271"}}, {"model": "accountapp.bookmark", "pk": 149, "fields": {"content_type": 8, "object_id": 1, "author": 10, "created": "2022-06-03T11:37:39.271", "updated": "2022-06-03T11:37:39.271"}}, {"model": "accountapp.bookmark", "pk": 150, "fields": {"content_type": 10, "object_id": 1, "author": 10, "created": "2022-06-03T11:37:39.271", "updated": "2022-06-03T11:37:39.271"}}, {"model": "accountapp.bookmark", "pk": 151, "fields": {"content_type": 10, "object_id": 3, "author": 10, "created": "2022-06-03T11:37:39.271", "updated": "2022-06-03T11:37:39.271"}}, {"model": "accountapp.bookmark", "pk": 152, "fields": {"content_type": 10, "object_id": 5, "author": 10, "created": "2022-06-03T11:37:39.271", "updated": "2022-06-03T11:37:39.271"}}, {"model": "accountapp.bookmark", "pk": 153, "fields": {"content_type": 10, "object_id": 6, "author": 10, "created": "2022-06-03T11:37:39.271", "updated": "2022-06-03T11:37:39.271"}}, {"model": "accountapp.bookmark", "pk": 154, "fields": {"content_type": 10, "object_id": 7, "author": 10, "created": "2022-06-03T11:37:39.271", "updated": "2022-06-03T11:37:39.271"}}, {"model": "accountapp.bookmark", "pk": 155, "fields": {"content_type": 10, "object_id": 8, "author": 10, "created": "2022-06-03T11:37:39.271", "updated": "2022-06-03T11:37:39.271"}}, {"model": "accountapp.bookmark", "pk": 156, "fields": {"content_type": 10, "object_id": 9, "author": 10, "created": "2022-06-03T11:37:39.271", "updated": "2022-06-03T11:37:39.271"}}, {"model": "accountapp.bookmark", "pk": 157, "fields": {"content_type": 10, "object_id": 11, "author": 10, "created": "2022-06-03T11:37:39.271", "updated": "2022-06-03T11:37:39.271"}}, {"model": "accountapp.bookmark", "pk": 158, "fields": {"content_type": 10, "object_id": 12, "author": 10, "created": "2022-06-03T11:37:39.271", "updated": "2022-06-03T11:37:39.271"}}, {"model": "accountapp.bookmark", "pk": 159, "fields": {"content_type": 10, "object_id": 13, "author": 10, "created": "2022-06-03T11:37:39.271", "updated": "2022-06-03T11:37:39.271"}}, {"model": "accountapp.bookmark", "pk": 160, "fields": {"content_type": 10, "object_id": 14, "author": 10, "created": "2022-06-03T11:37:39.271", "updated": "2022-06-03T11:37:39.271"}}, {"model": "accountapp.bookmark", "pk": 161, "fields": {"content_type": 10, "object_id": 15, "author": 10, "created": "2022-06-03T11:37:39.271", "updated": "2022-06-03T11:37:39.271"}}, {"model": "accountapp.bookmark", "pk": 162, "fields": {"content_type": 10, "object_id": 16, "author": 10, "created": "2022-06-03T11:37:39.271", "updated": "2022-06-03T11:37:39.271"}}, {"model": "accountapp.bookmark", "pk": 163, "fields": {"content_type": 10, "object_id": 17, "author": 10, "created": "2022-06-03T11:37:39.271", "updated": "2022-06-03T11:37:39.271"}}, {"model": "accountapp.bookmark", "pk": 164, "fields": {"content_type": 10, "object_id": 18, "author": 10, "created": "2022-06-03T11:37:39.271", "updated": "2022-06-03T11:37:39.271"}}, {"model": "accountapp.bookmark", "pk": 165, "fields": {"content_type": 8, "object_id": 15, "author": 11, "created": "2022-06-03T11:37:39.271", "updated": "2022-06-03T11:37:39.271"}}, {"model": "accountapp.bookmark", "pk": 166, "fields": {"content_type": 8, "object_id": 14, "author": 11, "created": "2022-06-03T11:37:39.271", "updated": "2022-06-03T11:37:39.271"}}, {"model": "accountapp.bookmark", "pk": 167, "fields": {"content_type": 8, "object_id": 12, "author": 11, "created": "2022-06-03T11:37:39.271", "updated": "2022-06-03T11:37:39.271"}}, {"model": "accountapp.bookmark", "pk": 168, "fields": {"content_type": 8, "object_id": 9, "author": 11, "created": "2022-06-03T11:37:39.271", "updated": "2022-06-03T11:37:39.271"}}, {"model": "accountapp.bookmark", "pk": 169, "fields": {"content_type": 8, "object_id": 5, "author": 11, "created": "2022-06-03T11:37:39.271", "updated": "2022-06-03T11:37:39.271"}}, {"model": "accountapp.bookmark", "pk": 170, "fields": {"content_type": 8, "object_id": 3, "author": 11, "created": "2022-06-03T11:37:39.271", "updated": "2022-06-03T11:37:39.271"}}, {"model": "accountapp.bookmark", "pk": 171, "fields": {"content_type": 10, "object_id": 1, "author": 11, "created": "2022-06-03T11:37:39.271", "updated": "2022-06-03T11:37:39.271"}}, {"model": "accountapp.bookmark", "pk": 172, "fields": {"content_type": 10, "object_id": 3, "author": 11, "created": "2022-06-03T11:37:39.271", "updated": "2022-06-03T11:37:39.271"}}, {"model": "accountapp.bookmark", "pk": 173, "fields": {"content_type": 10, "object_id": 4, "author": 11, "created": "2022-06-03T11:37:39.271", "updated": "2022-06-03T11:37:39.271"}}, {"model": "accountapp.bookmark", "pk": 174, "fields": {"content_type": 10, "object_id": 9, "author": 11, "created": "2022-06-03T11:37:39.271", "updated": "2022-06-03T11:37:39.271"}}, {"model": "accountapp.bookmark", "pk": 175, "fields": {"content_type": 10, "object_id": 10, "author": 11, "created": "2022-06-03T11:37:39.271", "updated": "2022-06-03T11:37:39.271"}}, {"model": "accountapp.bookmark", "pk": 176, "fields": {"content_type": 10, "object_id": 15, "author": 11, "created": "2022-06-03T11:37:39.271", "updated": "2022-06-03T11:37:39.271"}}, {"model": "accountapp.bookmark", "pk": 177, "fields": {"content_type": 10, "object_id": 16, "author": 11, "created": "2022-06-03T11:37:39.271", "updated": "2022-06-03T11:37:39.271"}}]